Training_ID,Student_ID,Course_Name,Training_Type,Training_Attendance,Training_Score,Feedback_Rating,Pre_Training_Score,Post_Training_Score,Training_Impact,Improvement
T00001,S0001,Leadership,Soft Skills,No,80.0,3.0,80.0,32.0,no,-48.0
T00002,S0002,Communication Skills,Soft Skills,no,82.0,3.0,80.0,80.0,no,0.0
T00003,S0003,Data Science,Soft Skills,No,80.0,3.0,80.0,97.0,no,17.0
T00004,S0004,DevOps,Technical,no,80.0,3.0,80.0,80.0,no,0.0
T00005,S0005,IoT Basics,Soft Skills,Yes,80.0,3.0,80.0,73.0,no,-7.0
T00006,S0006,AI Fundamentals,no,Yes,80.0,6.0,10.0,80.0,Improvement,70.0
T00007,S0007,Leadership,no,Yes,80.0,3.0,80.0,80.0,No Improvement,0.0
T00008,S0008,Communication Skills,no,no,80.0,6.0,80.0,80.0,no,0.0
T00009,S0009,IoT Basics,Soft Skills,Yes,80.0,4.0,80.0,80.0,no,0.0
T00010,S0010,Web Development,Technical,Yes,80.0,5.0,80.0,80.0,no,0.0
T00011,S0011,Cloud Computing,Technical,Yes,80.0,3.0,73.0,80.0,no,7.0
T00012,S0012,IoT Basics,Technical,No,57.0,3.0,89.0,80.0,no,-9.0
T00013,S0013,no,Technical,Yes,80.0,3.0,80.0,80.0,Improvement,0.0
T00014,S0014,Cybersecurity,Technical,No,80.0,3.0,80.0,80.0,No Improvement,0.0
T00015,S0015,Web Development,no,Yes,80.0,6.0,80.0,39.0,Improvement,-41.0
T00016,S0016,Web Development,Soft Skills,No,80.0,6.0,42.0,80.0,no,38.0
T00017,S0017,AI Fundamentals,Technical,Yes,66.0,3.0,80.0,28.0,no,-52.0
T00018,S0018,AI Fundamentals,Soft Skills,no,80.0,1.0,46.0,80.0,no,34.0
T00019,S0019,no,Technical,Yes,80.0,3.0,80.0,80.0,no,0.0
T00020,S0020,Cloud Computing,Technical,Yes,80.0,3.0,91.0,75.0,No Improvement,-16.0
T00021,S0021,no,Technical,no,80.0,6.0,80.0,80.0,Improvement,0.0
T00022,S0022,DevOps,Technical,Yes,80.0,6.0,80.0,80.0,No Improvement,0.0
T00023,S0023,IoT Basics,Technical,Yes,80.0,3.0,7.0,80.0,no,73.0
T00024,S0024,Data Science,no,No,95.0,6.0,80.0,80.0,Improvement,0.0
T00025,S0025,Cybersecurity,Technical,Yes,39.0,3.0,98.0,80.0,Improvement,-18.0
T00026,S0026,Web Development,Technical,no,80.0,6.0,80.0,80.0,no,0.0
T00027,S0027,DevOps,Soft Skills,Yes,80.0,6.0,80.0,90.0,Improvement,10.0
T00028,S0028,Negotiation,Technical,No,19.0,3.0,80.0,12.0,No Improvement,-68.0
T00029,S0029,Cloud Computing,Soft Skills,No,80.0,3.0,80.0,80.0,Improvement,0.0
T00030,S0030,AI Fundamentals,no,Yes,80.0,6.0,80.0,80.0,Improvement,0.0
T00031,S0031,no,Technical,No,80.0,4.0,72.0,80.0,Improvement,8.0
T00032,S0032,Data Science,Technical,Yes,38.0,3.0,80.0,80.0,Improvement,0.0
T00033,S0033,DevOps,no,Yes,80.0,1.0,80.0,80.0,no,0.0
T00034,S0034,Communication Skills,Soft Skills,No,80.0,6.0,80.0,7.0,Improvement,-73.0
T00035,S0035,Blockchain,Soft Skills,no,80.0,3.0,80.0,80.0,no,0.0
T00036,S0036,Cybersecurity,Technical,Yes,80.0,5.0,87.0,80.0,Improvement,-7.0
T00037,S0037,Leadership,Technical,No,80.0,6.0,80.0,80.0,no,0.0
T00038,S0038,IoT Basics,Technical,No,80.0,3.0,80.0,80.0,no,0.0
T00039,S0039,IoT Basics,Soft Skills,Yes,80.0,5.0,80.0,80.0,no,0.0
T00040,S0040,Communication Skills,Technical,Yes,80.0,3.0,80.0,80.0,no,0.0
T00041,S0041,IoT Basics,Soft Skills,Yes,80.0,3.0,35.0,64.0,no,29.0
T00042,S0042,Python Programming,no,Yes,80.0,3.0,80.0,80.0,Improvement,0.0
T00043,S0043,DevOps,Technical,Yes,72.0,6.0,80.0,80.0,no,0.0
T00044,S0044,Negotiation,Soft Skills,No,80.0,3.0,80.0,80.0,No Improvement,0.0
T00045,S0045,Web Development,Technical,Yes,19.0,2.0,80.0,66.0,Improvement,-14.0
T00046,S0046,Blockchain,Soft Skills,Yes,91.0,6.0,37.0,80.0,no,43.0
T00047,S0047,Cloud Computing,Technical,No,80.0,3.0,24.0,80.0,no,56.0
T00048,S0048,IoT Basics,no,no,80.0,6.0,80.0,80.0,Improvement,0.0
T00049,S0049,AI Fundamentals,Technical,no,80.0,5.0,80.0,80.0,no,0.0
T00050,S0050,Communication Skills,Technical,Yes,80.0,6.0,80.0,80.0,No Improvement,0.0
T00051,S0051,Leadership,Technical,No,80.0,3.0,30.0,80.0,Improvement,50.0
T00052,S0052,Communication Skills,Technical,no,80.0,5.0,80.0,80.0,Improvement,0.0
T00053,S0053,Data Science,Soft Skills,no,80.0,6.0,80.0,80.0,no,0.0
T00054,S0054,Web Development,Technical,No,80.0,3.0,80.0,80.0,no,0.0
T00055,S0055,Leadership,Technical,Yes,80.0,3.0,80.0,80.0,No Improvement,0.0
T00056,S0056,Blockchain,no,No,80.0,3.0,80.0,80.0,no,0.0
T00057,S0057,Leadership,Soft Skills,Yes,80.0,6.0,80.0,80.0,Improvement,0.0
T00058,S0058,Cloud Computing,Technical,no,80.0,6.0,80.0,80.0,Improvement,0.0
T00059,S0059,Python Programming,Soft Skills,no,80.0,6.0,80.0,80.0,Improvement,0.0
T00060,S0060,no,Soft Skills,Yes,80.0,3.0,77.0,80.0,No Improvement,3.0
T00061,S0061,Communication Skills,Technical,No,80.0,6.0,80.0,80.0,No Improvement,0.0
T00062,S0062,Data Science,no,Yes,80.0,3.0,80.0,80.0,Improvement,0.0
T00063,S0063,AI Fundamentals,Soft Skills,No,29.0,1.0,80.0,80.0,Improvement,0.0
T00064,S0064,Blockchain,Soft Skills,No,80.0,6.0,80.0,80.0,Improvement,0.0
T00065,S0065,Web Development,Technical,Yes,80.0,6.0,80.0,79.0,No Improvement,-1.0
T00066,S0066,Cloud Computing,Technical,Yes,80.0,3.0,80.0,80.0,no,0.0
T00067,S0067,Data Science,no,No,41.0,3.0,80.0,80.0,No Improvement,0.0
T00068,S0068,Cloud Computing,Technical,Yes,80.0,3.0,70.0,80.0,No Improvement,10.0
T00069,S0069,Communication Skills,Technical,No,80.0,3.0,80.0,12.0,Improvement,-68.0
T00070,S0070,Communication Skills,no,Yes,70.0,3.0,3.0,80.0,Improvement,77.0
T00071,S0071,Blockchain,Technical,Yes,35.0,3.0,80.0,80.0,Improvement,0.0
T00072,S0072,no,Soft Skills,Yes,80.0,3.0,80.0,26.0,no,-54.0
T00073,S0073,AI Fundamentals,Soft Skills,no,80.0,1.0,64.0,80.0,Improvement,16.0
T00074,S0074,Communication Skills,Soft Skills,no,80.0,6.0,80.0,80.0,no,0.0
T00075,S0075,Cloud Computing,no,Yes,80.0,3.0,80.0,80.0,Improvement,0.0
T00076,S0076,Blockchain,Technical,Yes,37.0,2.0,10.0,80.0,Improvement,70.0
T00077,S0077,Python Programming,Soft Skills,No,84.0,3.0,80.0,80.0,no,0.0
T00078,S0078,Web Development,Technical,Yes,80.0,3.0,80.0,80.0,Improvement,0.0
T00079,S0079,Python Programming,Technical,Yes,80.0,1.0,80.0,80.0,no,0.0
T00080,S0080,Python Programming,Soft Skills,Yes,80.0,3.0,90.0,78.0,Improvement,-12.0
T00081,S0081,IoT Basics,no,Yes,80.0,3.0,22.0,80.0,no,58.0
T00082,S0082,no,Technical,No,80.0,3.0,80.0,80.0,Improvement,0.0
T00083,S0083,IoT Basics,no,Yes,80.0,3.0,80.0,80.0,no,0.0
T00084,S0084,IoT Basics,no,Yes,80.0,3.0,80.0,80.0,Improvement,0.0
T00085,S0085,DevOps,Technical,No,80.0,3.0,80.0,80.0,Improvement,0.0
T00086,S0086,Blockchain,Technical,Yes,80.0,3.0,80.0,80.0,Improvement,0.0
T00087,S0087,Cybersecurity,Soft Skills,no,80.0,5.0,65.0,80.0,no,15.0
T00088,S0088,no,Technical,No,80.0,3.0,80.0,80.0,No Improvement,0.0
T00089,S0089,AI Fundamentals,no,No,80.0,6.0,80.0,48.0,No Improvement,-32.0
T00090,S0090,no,Technical,Yes,80.0,3.0,69.0,80.0,no,11.0
T00091,S0091,IoT Basics,Technical,No,80.0,4.0,16.0,80.0,no,64.0
T00092,S0092,Negotiation,Soft Skills,Yes,80.0,3.0,80.0,80.0,no,0.0
T00093,S0093,Web Development,Soft Skills,Yes,80.0,6.0,80.0,80.0,No Improvement,0.0
T00094,S0094,Python Programming,Soft Skills,No,80.0,6.0,80.0,80.0,Improvement,0.0
T00095,S0095,Leadership,Technical,Yes,37.0,3.0,23.0,80.0,Improvement,57.0
T00096,S0096,IoT Basics,no,No,80.0,3.0,41.0,80.0,no,39.0
T00097,S0097,Negotiation,Soft Skills,Yes,80.0,3.0,10.0,80.0,no,70.0
T00098,S0098,Cybersecurity,Technical,No,80.0,3.0,80.0,5.0,Improvement,-75.0
T00099,S0099,Cloud Computing,Technical,no,80.0,3.0,80.0,80.0,Improvement,0.0
T00100,S0100,Leadership,Soft Skills,Yes,53.0,3.0,98.0,6.0,Improvement,-92.0
T00101,S0101,DevOps,no,No,80.0,3.0,80.0,80.0,Improvement,0.0
T00102,S0102,DevOps,no,Yes,80.0,3.0,80.0,80.0,no,0.0
T00103,S0103,Leadership,Technical,Yes,80.0,6.0,53.0,80.0,No Improvement,27.0
T00104,S0104,Negotiation,Technical,no,78.0,3.0,80.0,93.0,No Improvement,13.0
T00105,S0105,Communication Skills,Technical,No,80.0,3.0,80.0,80.0,Improvement,0.0
T00106,S0106,DevOps,no,No,62.0,6.0,80.0,80.0,Improvement,0.0
T00107,S0107,Cybersecurity,Technical,Yes,17.0,3.0,80.0,80.0,Improvement,0.0
T00108,S0108,Communication Skills,Technical,No,100.0,3.0,89.0,80.0,Improvement,-9.0
T00109,S0109,Cybersecurity,no,Yes,80.0,6.0,80.0,80.0,no,0.0
T00110,S0110,Python Programming,Soft Skills,no,80.0,2.0,27.0,80.0,No Improvement,53.0
T00111,S0111,DevOps,Technical,Yes,80.0,3.0,80.0,80.0,No Improvement,0.0
T00112,S0112,Web Development,Technical,Yes,5.0,6.0,41.0,80.0,no,39.0
T00113,S0113,DevOps,Technical,No,86.0,3.0,80.0,80.0,no,0.0
T00114,S0114,AI Fundamentals,Soft Skills,Yes,22.0,6.0,27.0,80.0,Improvement,53.0
T00115,S0115,DevOps,Technical,No,58.0,3.0,58.0,80.0,Improvement,22.0
T00116,S0116,Data Science,Soft Skills,No,80.0,1.0,83.0,80.0,Improvement,-3.0
T00117,S0117,IoT Basics,Technical,Yes,80.0,3.0,80.0,80.0,No Improvement,0.0
T00118,S0118,DevOps,Technical,Yes,19.0,2.0,91.0,40.0,Improvement,-51.0
T00119,S0119,DevOps,Technical,no,13.0,3.0,92.0,80.0,no,-12.0
T00120,S0120,Leadership,no,Yes,50.0,6.0,80.0,80.0,no,0.0
T00121,S0121,Blockchain,Technical,no,80.0,6.0,80.0,80.0,Improvement,0.0
T00122,S0122,Negotiation,Soft Skills,No,2.0,3.0,80.0,5.0,no,-75.0
T00123,S0123,Data Science,Soft Skills,No,80.0,6.0,80.0,80.0,Improvement,0.0
T00124,S0124,no,Soft Skills,Yes,80.0,3.0,80.0,80.0,Improvement,0.0
T00125,S0125,AI Fundamentals,no,No,80.0,3.0,80.0,80.0,no,0.0
T00126,S0126,Blockchain,Technical,no,80.0,6.0,80.0,80.0,no,0.0
T00127,S0127,Cybersecurity,Soft Skills,Yes,80.0,3.0,79.0,61.0,Improvement,-18.0
T00128,S0128,Web Development,Technical,Yes,61.0,4.0,80.0,80.0,no,0.0
T00129,S0129,Python Programming,Soft Skills,No,80.0,3.0,80.0,80.0,no,0.0
T00130,S0130,Communication Skills,Technical,no,80.0,3.0,80.0,80.0,No Improvement,0.0
T00131,S0131,Cybersecurity,Soft Skills,No,80.0,1.0,88.0,80.0,no,-8.0
T00132,S0132,IoT Basics,Soft Skills,no,29.0,6.0,80.0,55.0,No Improvement,-25.0
T00133,S0133,Web Development,no,Yes,80.0,3.0,80.0,80.0,Improvement,0.0
T00134,S0134,Leadership,Soft Skills,no,65.0,3.0,80.0,80.0,no,0.0
T00135,S0135,DevOps,Soft Skills,No,80.0,1.0,80.0,77.0,Improvement,-3.0
T00136,S0136,Cybersecurity,Soft Skills,Yes,80.0,6.0,80.0,80.0,no,0.0
T00137,S0137,Blockchain,Soft Skills,No,80.0,3.0,32.0,80.0,Improvement,48.0
T00138,S0138,DevOps,no,no,80.0,3.0,80.0,80.0,Improvement,0.0
T00139,S0139,Leadership,Soft Skills,Yes,80.0,4.0,80.0,80.0,no,0.0
T00140,S0140,Python Programming,no,Yes,80.0,3.0,80.0,60.0,Improvement,-20.0
T00141,S0141,Negotiation,Soft Skills,No,80.0,3.0,80.0,58.0,no,-22.0
T00142,S0142,AI Fundamentals,Technical,No,80.0,3.0,80.0,80.0,Improvement,0.0
T00143,S0143,Negotiation,Soft Skills,No,80.0,6.0,80.0,80.0,Improvement,0.0
T00144,S0144,Data Science,Soft Skills,No,80.0,3.0,80.0,80.0,Improvement,0.0
T00145,S0145,Cloud Computing,no,Yes,80.0,3.0,80.0,80.0,No Improvement,0.0
T00146,S0146,Data Science,Soft Skills,Yes,80.0,3.0,80.0,59.0,No Improvement,-21.0
T00147,S0147,Data Science,no,Yes,80.0,3.0,80.0,80.0,No Improvement,0.0
T00148,S0148,Data Science,Soft Skills,No,80.0,3.0,80.0,80.0,No Improvement,0.0
T00149,S0149,AI Fundamentals,Technical,No,80.0,3.0,80.0,80.0,no,0.0
T00150,S0150,Communication Skills,Technical,Yes,46.0,2.0,80.0,39.0,no,-41.0
T00151,S0151,Cloud Computing,Technical,Yes,80.0,3.0,80.0,41.0,Improvement,-39.0
T00152,S0152,Negotiation,Soft Skills,No,80.0,3.0,80.0,80.0,Improvement,0.0
T00153,S0153,Python Programming,Soft Skills,No,80.0,6.0,1.0,80.0,Improvement,79.0
T00154,S0154,Data Science,Technical,no,80.0,3.0,80.0,80.0,No Improvement,0.0
T00155,S0155,IoT Basics,Technical,No,80.0,2.0,80.0,80.0,no,0.0
T00156,S0156,Cloud Computing,Soft Skills,No,80.0,3.0,80.0,80.0,no,0.0
T00157,S0157,Cybersecurity,Soft Skills,No,80.0,3.0,99.0,80.0,No Improvement,-19.0
T00158,S0158,Python Programming,Soft Skills,no,80.0,6.0,80.0,91.0,No Improvement,11.0
T00159,S0159,Web Development,Technical,Yes,80.0,6.0,80.0,80.0,Improvement,0.0
T00160,S0160,Negotiation,no,Yes,80.0,3.0,65.0,80.0,No Improvement,15.0
T00161,S0161,IoT Basics,Soft Skills,Yes,80.0,2.0,80.0,80.0,no,0.0
T00162,S0162,Negotiation,Technical,No,80.0,6.0,80.0,80.0,no,0.0
T00163,S0163,Cloud Computing,Technical,No,80.0,1.0,80.0,80.0,Improvement,0.0
T00164,S0164,Cloud Computing,Soft Skills,No,32.0,3.0,22.0,80.0,Improvement,58.0
T00165,S0165,Data Science,Soft Skills,No,80.0,3.0,16.0,80.0,no,64.0
T00166,S0166,Communication Skills,Soft Skills,Yes,80.0,5.0,12.0,53.0,no,41.0
T00167,S0167,IoT Basics,Technical,Yes,80.0,3.0,79.0,52.0,Improvement,-27.0
T00168,S0168,Cloud Computing,Technical,Yes,80.0,3.0,80.0,17.0,Improvement,-63.0
T00169,S0169,Python Programming,no,no,80.0,3.0,80.0,80.0,no,0.0
T00170,S0170,Leadership,Technical,Yes,80.0,3.0,80.0,80.0,No Improvement,0.0
T00171,S0171,IoT Basics,Technical,Yes,80.0,6.0,80.0,46.0,no,-34.0
T00172,S0172,Leadership,Technical,Yes,80.0,3.0,80.0,80.0,Improvement,0.0
T00173,S0173,AI Fundamentals,Technical,Yes,94.0,3.0,80.0,80.0,Improvement,0.0
T00174,S0174,Blockchain,Technical,Yes,80.0,3.0,95.0,80.0,No Improvement,-15.0
T00175,S0175,Blockchain,Soft Skills,No,80.0,3.0,80.0,80.0,Improvement,0.0
T00176,S0176,Cloud Computing,Soft Skills,no,80.0,3.0,80.0,80.0,Improvement,0.0
T00177,S0177,no,Technical,No,80.0,5.0,80.0,80.0,Improvement,0.0
T00178,S0178,Communication Skills,no,Yes,80.0,6.0,80.0,80.0,Improvement,0.0
T00179,S0179,Negotiation,Technical,Yes,80.0,5.0,80.0,91.0,no,11.0
T00180,S0180,Blockchain,Soft Skills,Yes,80.0,3.0,80.0,80.0,No Improvement,0.0
T00181,S0181,AI Fundamentals,Soft Skills,No,80.0,1.0,80.0,80.0,no,0.0
T00182,S0182,AI Fundamentals,Technical,Yes,80.0,6.0,31.0,100.0,no,69.0
T00183,S0183,Communication Skills,Technical,Yes,80.0,4.0,34.0,69.0,No Improvement,35.0
T00184,S0184,Data Science,no,no,80.0,3.0,80.0,80.0,no,0.0
T00185,S0185,IoT Basics,Soft Skills,No,80.0,3.0,22.0,80.0,no,58.0
T00186,S0186,Blockchain,Soft Skills,No,92.0,6.0,80.0,80.0,Improvement,0.0
T00187,S0187,Cloud Computing,Technical,Yes,80.0,3.0,80.0,80.0,no,0.0
T00188,S0188,Python Programming,Technical,Yes,62.0,3.0,80.0,80.0,no,0.0
T00189,S0189,Python Programming,no,No,80.0,3.0,80.0,80.0,Improvement,0.0
T00190,S0190,AI Fundamentals,Soft Skills,Yes,80.0,6.0,51.0,80.0,No Improvement,29.0
T00191,S0191,Data Science,no,Yes,80.0,2.0,85.0,80.0,No Improvement,-5.0
T00192,S0192,Negotiation,no,Yes,80.0,1.0,100.0,80.0,no,-20.0
T00193,S0193,Web Development,no,No,85.0,3.0,80.0,98.0,Improvement,18.0
T00194,S0194,Cybersecurity,Soft Skills,no,80.0,2.0,80.0,80.0,no,0.0
T00195,S0195,Python Programming,Soft Skills,Yes,84.0,3.0,80.0,80.0,no,0.0
T00196,S0196,Negotiation,no,No,52.0,2.0,80.0,80.0,no,0.0
T00197,S0197,Python Programming,no,Yes,80.0,1.0,80.0,50.0,Improvement,-30.0
T00198,S0198,Python Programming,no,Yes,80.0,3.0,80.0,55.0,no,-25.0
T00199,S0199,Python Programming,Technical,Yes,80.0,3.0,88.0,65.0,no,-23.0
T00200,S0200,no,no,No,22.0,3.0,71.0,80.0,no,9.0
T00201,S0201,Data Science,Technical,no,80.0,3.0,80.0,80.0,Improvement,0.0
T00202,S0202,Negotiation,Technical,Yes,80.0,3.0,86.0,49.0,no,-37.0
T00203,S0203,no,Soft Skills,No,92.0,3.0,80.0,80.0,no,0.0
T00204,S0204,Negotiation,Technical,Yes,80.0,2.0,58.0,53.0,Improvement,-5.0
T00205,S0205,Negotiation,no,No,80.0,3.0,66.0,80.0,Improvement,14.0
T00206,S0206,Leadership,no,Yes,80.0,1.0,80.0,80.0,No Improvement,0.0
T00207,S0207,Blockchain,no,No,80.0,1.0,80.0,31.0,no,-49.0
T00208,S0208,Cloud Computing,Technical,No,98.0,6.0,25.0,80.0,no,55.0
T00209,S0209,Communication Skills,Soft Skills,Yes,80.0,1.0,80.0,35.0,no,-45.0
T00210,S0210,Cybersecurity,Soft Skills,Yes,87.0,6.0,87.0,80.0,no,-7.0
T00211,S0211,Web Development,Technical,Yes,2.0,3.0,80.0,80.0,no,0.0
T00212,S0212,no,Technical,Yes,80.0,3.0,80.0,80.0,no,0.0
T00213,S0213,Cloud Computing,Soft Skills,No,80.0,3.0,80.0,80.0,no,0.0
T00214,S0214,Negotiation,Technical,No,80.0,1.0,80.0,80.0,Improvement,0.0
T00215,S0215,Negotiation,Technical,Yes,80.0,3.0,61.0,46.0,no,-15.0
T00216,S0216,no,Technical,Yes,80.0,6.0,80.0,80.0,no,0.0
T00217,S0217,IoT Basics,Soft Skills,Yes,80.0,3.0,80.0,51.0,no,-29.0
T00218,S0218,Blockchain,no,No,80.0,6.0,80.0,80.0,Improvement,0.0
T00219,S0219,Cybersecurity,Technical,No,80.0,3.0,80.0,80.0,no,0.0
T00220,S0220,Communication Skills,Soft Skills,Yes,80.0,3.0,80.0,80.0,No Improvement,0.0
T00221,S0221,AI Fundamentals,Soft Skills,No,80.0,6.0,80.0,80.0,no,0.0
T00222,S0222,Cybersecurity,Technical,Yes,80.0,6.0,80.0,80.0,Improvement,0.0
T00223,S0223,Leadership,Soft Skills,No,80.0,3.0,80.0,80.0,no,0.0
T00224,S0224,Python Programming,Technical,Yes,80.0,6.0,80.0,95.0,No Improvement,15.0
T00225,S0225,Leadership,Technical,no,80.0,6.0,92.0,80.0,Improvement,-12.0
T00226,S0226,DevOps,Soft Skills,Yes,80.0,3.0,42.0,80.0,no,38.0
T00227,S0227,Web Development,Technical,Yes,80.0,1.0,80.0,80.0,Improvement,0.0
T00228,S0228,Python Programming,Soft Skills,No,80.0,3.0,80.0,80.0,Improvement,0.0
T00229,S0229,Communication Skills,no,No,80.0,3.0,80.0,80.0,Improvement,0.0
T00230,S0230,Data Science,Technical,Yes,80.0,3.0,80.0,81.0,Improvement,1.0
T00231,S0231,Web Development,Soft Skills,Yes,80.0,3.0,80.0,91.0,no,11.0
T00232,S0232,Web Development,Soft Skills,Yes,59.0,3.0,80.0,80.0,no,0.0
T00233,S0233,Negotiation,no,no,80.0,3.0,80.0,80.0,Improvement,0.0
T00234,S0234,Web Development,Technical,No,80.0,3.0,3.0,80.0,No Improvement,77.0
T00235,S0235,no,Technical,No,80.0,6.0,80.0,80.0,no,0.0
T00236,S0236,Data Science,Technical,Yes,80.0,3.0,74.0,55.0,Improvement,-19.0
T00237,S0237,Blockchain,Technical,No,80.0,6.0,80.0,93.0,No Improvement,13.0
T00238,S0238,IoT Basics,Technical,Yes,95.0,1.0,80.0,34.0,no,-46.0
T00239,S0239,Python Programming,Soft Skills,Yes,80.0,3.0,80.0,80.0,Improvement,0.0
T00240,S0240,Web Development,Technical,Yes,80.0,6.0,80.0,80.0,Improvement,0.0
T00241,S0241,Leadership,Technical,No,80.0,3.0,80.0,80.0,Improvement,0.0
T00242,S0242,Python Programming,Soft Skills,Yes,80.0,3.0,100.0,43.0,No Improvement,-57.0
T00243,S0243,Cloud Computing,Technical,Yes,80.0,4.0,80.0,80.0,Improvement,0.0
T00244,S0244,Cybersecurity,Technical,Yes,80.0,6.0,80.0,80.0,Improvement,0.0
T00245,S0245,Cybersecurity,no,No,37.0,6.0,90.0,80.0,no,-10.0
T00246,S0246,Leadership,Soft Skills,Yes,80.0,6.0,80.0,80.0,No Improvement,0.0
T00247,S0247,Cybersecurity,Soft Skills,Yes,80.0,3.0,80.0,80.0,Improvement,0.0
T00248,S0248,Cloud Computing,Technical,Yes,80.0,6.0,68.0,84.0,no,16.0
T00249,S0249,Blockchain,Technical,Yes,80.0,3.0,14.0,80.0,no,66.0
T00250,S0250,Communication Skills,no,Yes,42.0,3.0,80.0,80.0,no,0.0
T00251,S0251,Communication Skills,no,Yes,62.0,5.0,80.0,80.0,no,0.0
T00252,S0252,Web Development,Technical,No,80.0,3.0,80.0,22.0,Improvement,-58.0
T00253,S0253,Data Science,Technical,No,80.0,3.0,80.0,80.0,Improvement,0.0
T00254,S0254,Negotiation,Soft Skills,Yes,80.0,1.0,46.0,80.0,no,34.0
T00255,S0255,Data Science,Technical,No,80.0,3.0,54.0,80.0,Improvement,26.0
T00256,S0256,Cybersecurity,Soft Skills,No,80.0,6.0,80.0,78.0,no,-2.0
T00257,S0257,Data Science,no,No,0.0,3.0,80.0,80.0,No Improvement,0.0
T00258,S0258,DevOps,Technical,Yes,34.0,6.0,87.0,80.0,Improvement,-7.0
T00259,S0259,Cloud Computing,no,No,80.0,3.0,80.0,80.0,no,0.0
T00260,S0260,no,Technical,Yes,80.0,3.0,80.0,80.0,no,0.0
T00261,S0261,Blockchain,no,Yes,80.0,3.0,80.0,80.0,Improvement,0.0
T00262,S0262,Data Science,Technical,Yes,80.0,6.0,80.0,80.0,No Improvement,0.0
T00263,S0263,IoT Basics,Soft Skills,no,80.0,6.0,80.0,80.0,Improvement,0.0
T00264,S0264,Cloud Computing,Soft Skills,Yes,80.0,3.0,80.0,80.0,Improvement,0.0
T00265,S0265,Communication Skills,Technical,Yes,80.0,5.0,80.0,80.0,Improvement,0.0
T00266,S0266,IoT Basics,no,No,80.0,4.0,80.0,80.0,Improvement,0.0
T00267,S0267,Blockchain,Technical,Yes,80.0,6.0,80.0,80.0,Improvement,0.0
T00268,S0268,Web Development,Technical,No,80.0,6.0,80.0,80.0,No Improvement,0.0
T00269,S0269,Leadership,Soft Skills,No,80.0,6.0,90.0,60.0,no,-30.0
T00270,S0270,Cybersecurity,Soft Skills,Yes,80.0,3.0,80.0,80.0,No Improvement,0.0
T00271,S0271,Negotiation,Technical,Yes,80.0,3.0,83.0,80.0,no,-3.0
T00272,S0272,Communication Skills,Soft Skills,Yes,80.0,3.0,80.0,80.0,no,0.0
T00273,S0273,Python Programming,Technical,no,80.0,4.0,80.0,80.0,Improvement,0.0
T00274,S0274,Negotiation,Technical,Yes,80.0,6.0,80.0,80.0,no,0.0
T00275,S0275,no,Technical,Yes,80.0,1.0,80.0,22.0,No Improvement,-58.0
T00276,S0276,AI Fundamentals,Technical,Yes,80.0,1.0,80.0,80.0,no,0.0
T00277,S0277,no,Soft Skills,Yes,80.0,3.0,78.0,80.0,Improvement,2.0
T00278,S0278,Web Development,Technical,No,80.0,6.0,80.0,40.0,No Improvement,-40.0
T00279,S0279,AI Fundamentals,Soft Skills,no,73.0,3.0,80.0,80.0,no,0.0
T00280,S0280,Cloud Computing,no,No,69.0,3.0,85.0,80.0,Improvement,-5.0
T00281,S0281,Python Programming,Technical,No,20.0,3.0,98.0,80.0,Improvement,-18.0
T00282,S0282,Communication Skills,Soft Skills,Yes,62.0,3.0,80.0,80.0,no,0.0
T00283,S0283,Leadership,Technical,no,11.0,5.0,80.0,80.0,no,0.0
T00284,S0284,Web Development,Soft Skills,Yes,80.0,3.0,80.0,7.0,Improvement,-73.0
T00285,S0285,Python Programming,Soft Skills,No,80.0,3.0,91.0,14.0,Improvement,-77.0
T00286,S0286,Web Development,Technical,Yes,80.0,2.0,80.0,80.0,Improvement,0.0
T00287,S0287,Data Science,Soft Skills,Yes,80.0,3.0,80.0,80.0,no,0.0
T00288,S0288,Cloud Computing,Technical,Yes,90.0,5.0,62.0,17.0,Improvement,-45.0
T00289,S0289,Python Programming,no,Yes,80.0,3.0,80.0,48.0,Improvement,-32.0
T00290,S0290,Cloud Computing,Soft Skills,Yes,80.0,3.0,80.0,80.0,Improvement,0.0
T00291,S0291,DevOps,Soft Skills,No,80.0,3.0,80.0,89.0,no,9.0
T00292,S0292,DevOps,Technical,no,80.0,1.0,80.0,80.0,No Improvement,0.0
T00293,S0293,Data Science,Soft Skills,Yes,80.0,6.0,48.0,93.0,no,45.0
T00294,S0294,Negotiation,Soft Skills,Yes,80.0,3.0,52.0,80.0,No Improvement,28.0
T00295,S0295,DevOps,Soft Skills,No,80.0,3.0,80.0,80.0,No Improvement,0.0
T00296,S0296,IoT Basics,Technical,Yes,80.0,3.0,80.0,80.0,No Improvement,0.0
T00297,S0297,Cloud Computing,Technical,No,80.0,3.0,80.0,80.0,no,0.0
T00298,S0298,Negotiation,Technical,no,80.0,3.0,80.0,50.0,Improvement,-30.0
T00299,S0299,Leadership,no,No,80.0,3.0,80.0,80.0,no,0.0
T00300,S0300,Blockchain,Soft Skills,Yes,80.0,3.0,78.0,62.0,No Improvement,-16.0
T00301,S0301,Leadership,Technical,Yes,80.0,6.0,36.0,80.0,no,44.0
T00302,S0302,Cybersecurity,Soft Skills,Yes,1.0,3.0,80.0,86.0,no,6.0
T00303,S0303,DevOps,Soft Skills,No,80.0,3.0,61.0,79.0,no,18.0
T00304,S0304,AI Fundamentals,Technical,Yes,80.0,3.0,80.0,0.0,no,-80.0
T00305,S0305,Leadership,Soft Skills,no,64.0,6.0,80.0,80.0,Improvement,0.0
T00306,S0306,IoT Basics,Technical,No,80.0,3.0,80.0,80.0,Improvement,0.0
T00307,S0307,Data Science,Technical,Yes,80.0,6.0,92.0,38.0,no,-54.0
T00308,S0308,IoT Basics,Technical,no,44.0,3.0,80.0,80.0,Improvement,0.0
T00309,S0309,DevOps,no,Yes,75.0,3.0,80.0,80.0,no,0.0
T00310,S0310,no,Technical,Yes,80.0,6.0,80.0,23.0,no,-57.0
T00311,S0311,Blockchain,Technical,Yes,80.0,3.0,80.0,80.0,Improvement,0.0
T00312,S0312,AI Fundamentals,Technical,No,79.0,3.0,80.0,80.0,no,0.0
T00313,S0313,no,Technical,Yes,80.0,1.0,80.0,27.0,Improvement,-53.0
T00314,S0314,Cloud Computing,Soft Skills,Yes,80.0,5.0,37.0,80.0,No Improvement,43.0
T00315,S0315,Cybersecurity,Technical,No,80.0,3.0,20.0,80.0,no,60.0
T00316,S0316,Negotiation,Technical,No,80.0,3.0,80.0,80.0,Improvement,0.0
T00317,S0317,no,no,Yes,80.0,3.0,80.0,16.0,Improvement,-64.0
T00318,S0318,AI Fundamentals,Technical,Yes,80.0,6.0,80.0,80.0,no,0.0
T00319,S0319,AI Fundamentals,Soft Skills,Yes,80.0,3.0,57.0,2.0,Improvement,-55.0
T00320,S0320,IoT Basics,Technical,No,32.0,3.0,80.0,80.0,Improvement,0.0
T00321,S0321,no,Soft Skills,Yes,80.0,3.0,80.0,80.0,No Improvement,0.0
T00322,S0322,Data Science,Soft Skills,No,80.0,1.0,80.0,80.0,No Improvement,0.0
T00323,S0323,Cloud Computing,Soft Skills,Yes,35.0,2.0,80.0,15.0,Improvement,-65.0
T00324,S0324,no,Technical,Yes,80.0,6.0,80.0,80.0,no,0.0
T00325,S0325,IoT Basics,Soft Skills,Yes,80.0,4.0,80.0,18.0,Improvement,-62.0
T00326,S0326,Cloud Computing,Soft Skills,Yes,80.0,3.0,89.0,80.0,Improvement,-9.0
T00327,S0327,Cybersecurity,Technical,No,80.0,3.0,80.0,80.0,no,0.0
T00328,S0328,Negotiation,Technical,Yes,80.0,4.0,80.0,56.0,No Improvement,-24.0
T00329,S0329,Leadership,Soft Skills,Yes,95.0,6.0,80.0,80.0,no,0.0
T00330,S0330,DevOps,Soft Skills,No,80.0,5.0,80.0,34.0,No Improvement,-46.0
T00331,S0331,Leadership,Soft Skills,no,80.0,6.0,80.0,15.0,no,-65.0
T00332,S0332,Python Programming,no,No,80.0,3.0,80.0,80.0,no,0.0
T00333,S0333,Web Development,Soft Skills,Yes,80.0,3.0,80.0,80.0,no,0.0
T00334,S0334,IoT Basics,Soft Skills,no,80.0,6.0,80.0,80.0,no,0.0
T00335,S0335,Cybersecurity,no,Yes,80.0,6.0,80.0,93.0,no,13.0
T00336,S0336,Communication Skills,Technical,No,87.0,3.0,80.0,7.0,Improvement,-73.0
T00337,S0337,DevOps,Technical,No,80.0,6.0,33.0,89.0,Improvement,56.0
T00338,S0338,Blockchain,Soft Skills,Yes,80.0,3.0,80.0,80.0,no,0.0
T00339,S0339,AI Fundamentals,Technical,Yes,80.0,6.0,80.0,80.0,No Improvement,0.0
T00340,S0340,Python Programming,Soft Skills,Yes,43.0,3.0,80.0,80.0,no,0.0
T00341,S0341,Python Programming,Soft Skills,No,80.0,3.0,30.0,80.0,no,50.0
T00342,S0342,Negotiation,Technical,Yes,80.0,6.0,85.0,47.0,No Improvement,-38.0
T00343,S0343,Python Programming,Technical,Yes,80.0,3.0,80.0,80.0,Improvement,0.0
T00344,S0344,Python Programming,Technical,Yes,60.0,3.0,42.0,80.0,no,38.0
T00345,S0345,DevOps,no,Yes,25.0,3.0,80.0,80.0,no,0.0
T00346,S0346,IoT Basics,Technical,Yes,80.0,1.0,34.0,80.0,no,46.0
T00347,S0347,Cloud Computing,Soft Skills,no,80.0,6.0,80.0,80.0,no,0.0
T00348,S0348,Python Programming,Technical,Yes,80.0,3.0,37.0,80.0,Improvement,43.0
T00349,S0349,Cloud Computing,Soft Skills,Yes,80.0,3.0,80.0,80.0,no,0.0
T00350,S0350,Cloud Computing,Technical,Yes,80.0,6.0,80.0,20.0,no,-60.0
T00351,S0351,Communication Skills,Soft Skills,No,80.0,3.0,80.0,80.0,Improvement,0.0
T00352,S0352,Data Science,Soft Skills,No,86.0,6.0,80.0,80.0,Improvement,0.0
T00353,S0353,Python Programming,Technical,Yes,80.0,6.0,80.0,80.0,Improvement,0.0
T00354,S0354,Data Science,Technical,no,34.0,3.0,80.0,80.0,no,0.0
T00355,S0355,Python Programming,Soft Skills,Yes,80.0,3.0,80.0,80.0,no,0.0
T00356,S0356,Cybersecurity,Soft Skills,No,80.0,3.0,37.0,80.0,Improvement,43.0
T00357,S0357,IoT Basics,no,no,80.0,3.0,80.0,24.0,No Improvement,-56.0
T00358,S0358,IoT Basics,Soft Skills,no,80.0,5.0,7.0,80.0,No Improvement,73.0
T00359,S0359,Data Science,Technical,no,80.0,2.0,35.0,80.0,Improvement,45.0
T00360,S0360,AI Fundamentals,Technical,Yes,80.0,4.0,80.0,80.0,Improvement,0.0
T00361,S0361,Data Science,Soft Skills,Yes,80.0,3.0,80.0,80.0,no,0.0
T00362,S0362,Blockchain,Soft Skills,Yes,80.0,1.0,80.0,45.0,no,-35.0
T00363,S0363,Web Development,no,Yes,64.0,2.0,80.0,80.0,no,0.0
T00364,S0364,Communication Skills,no,No,20.0,6.0,80.0,80.0,Improvement,0.0
T00365,S0365,Web Development,Technical,No,80.0,3.0,80.0,74.0,Improvement,-6.0
T00366,S0366,Web Development,Technical,Yes,8.0,3.0,80.0,10.0,no,-70.0
T00367,S0367,Communication Skills,no,Yes,80.0,3.0,80.0,92.0,No Improvement,12.0
T00368,S0368,DevOps,Technical,No,80.0,6.0,80.0,80.0,no,0.0
T00369,S0369,Cloud Computing,Soft Skills,No,80.0,3.0,64.0,80.0,no,16.0
T00370,S0370,Leadership,no,Yes,60.0,3.0,80.0,80.0,no,0.0
T00371,S0371,DevOps,Soft Skills,no,78.0,6.0,80.0,80.0,Improvement,0.0
T00372,S0372,AI Fundamentals,Soft Skills,No,80.0,1.0,80.0,55.0,Improvement,-25.0
T00373,S0373,Web Development,Soft Skills,No,2.0,3.0,80.0,80.0,Improvement,0.0
T00374,S0374,Blockchain,Soft Skills,Yes,80.0,6.0,80.0,80.0,No Improvement,0.0
T00375,S0375,IoT Basics,Soft Skills,No,80.0,3.0,80.0,90.0,Improvement,10.0
T00376,S0376,Leadership,Soft Skills,No,80.0,3.0,80.0,80.0,Improvement,0.0
T00377,S0377,Negotiation,Soft Skills,No,80.0,3.0,80.0,80.0,no,0.0
T00378,S0378,no,Technical,no,88.0,6.0,80.0,80.0,No Improvement,0.0
T00379,S0379,IoT Basics,no,Yes,94.0,1.0,80.0,51.0,Improvement,-29.0
T00380,S0380,Negotiation,no,no,80.0,2.0,80.0,80.0,no,0.0
T00381,S0381,Negotiation,no,no,80.0,3.0,80.0,80.0,No Improvement,0.0
T00382,S0382,no,Soft Skills,no,80.0,3.0,80.0,80.0,Improvement,0.0
T00383,S0383,Negotiation,Technical,Yes,80.0,3.0,80.0,80.0,no,0.0
T00384,S0384,no,Technical,No,80.0,3.0,80.0,80.0,no,0.0
T00385,S0385,Data Science,Technical,Yes,80.0,6.0,80.0,80.0,Improvement,0.0
T00386,S0386,Web Development,Technical,Yes,80.0,6.0,80.0,80.0,no,0.0
T00387,S0387,Leadership,Technical,no,80.0,6.0,80.0,54.0,no,-26.0
T00388,S0388,AI Fundamentals,Technical,Yes,80.0,6.0,32.0,80.0,no,48.0
T00389,S0389,AI Fundamentals,Soft Skills,Yes,31.0,6.0,80.0,80.0,no,0.0
T00390,S0390,no,no,No,80.0,3.0,80.0,80.0,No Improvement,0.0
T00391,S0391,Blockchain,Soft Skills,no,80.0,3.0,80.0,80.0,Improvement,0.0
T00392,S0392,Cybersecurity,Soft Skills,Yes,80.0,6.0,80.0,80.0,no,0.0
T00393,S0393,DevOps,Soft Skills,Yes,80.0,3.0,18.0,47.0,Improvement,29.0
T00394,S0394,no,Technical,Yes,80.0,6.0,80.0,80.0,no,0.0
T00395,S0395,Data Science,Technical,No,45.0,3.0,38.0,23.0,Improvement,-15.0
T00396,S0396,Cloud Computing,no,Yes,80.0,3.0,80.0,80.0,No Improvement,0.0
T00397,S0397,Data Science,Soft Skills,no,80.0,3.0,80.0,80.0,no,0.0
T00398,S0398,DevOps,Technical,No,6.0,3.0,5.0,11.0,Improvement,6.0
T00399,S0399,IoT Basics,no,no,80.0,3.0,80.0,53.0,Improvement,-27.0
T00400,S0400,IoT Basics,Technical,Yes,80.0,3.0,80.0,80.0,no,0.0
T00401,S0401,no,Technical,Yes,80.0,3.0,80.0,80.0,Improvement,0.0
T00402,S0402,Communication Skills,Soft Skills,No,58.0,6.0,80.0,80.0,Improvement,0.0
T00403,S0403,Leadership,Technical,no,80.0,3.0,80.0,80.0,no,0.0
T00404,S0404,Blockchain,Soft Skills,Yes,80.0,3.0,80.0,52.0,no,-28.0
T00405,S0405,Web Development,no,No,93.0,6.0,80.0,80.0,Improvement,0.0
T00406,S0406,Negotiation,Technical,Yes,56.0,3.0,11.0,18.0,no,7.0
T00407,S0407,Data Science,no,Yes,80.0,6.0,80.0,80.0,Improvement,0.0
T00408,S0408,Communication Skills,Soft Skills,Yes,80.0,2.0,80.0,80.0,No Improvement,0.0
T00409,S0409,Negotiation,no,Yes,5.0,6.0,80.0,80.0,No Improvement,0.0
T00410,S0410,Data Science,Soft Skills,no,80.0,6.0,80.0,80.0,Improvement,0.0
T00411,S0411,Data Science,Soft Skills,no,80.0,1.0,80.0,80.0,No Improvement,0.0
T00412,S0412,DevOps,Soft Skills,no,80.0,1.0,83.0,80.0,no,-3.0
T00413,S0413,Cloud Computing,Technical,Yes,89.0,3.0,80.0,80.0,No Improvement,0.0
T00414,S0414,Cloud Computing,Soft Skills,Yes,80.0,3.0,80.0,36.0,no,-44.0
T00415,S0415,DevOps,Technical,Yes,80.0,1.0,80.0,80.0,Improvement,0.0
T00416,S0416,Cybersecurity,Soft Skills,No,42.0,3.0,80.0,13.0,No Improvement,-67.0
T00417,S0417,Python Programming,Soft Skills,No,80.0,6.0,80.0,80.0,no,0.0
T00418,S0418,Cloud Computing,Technical,No,80.0,5.0,80.0,80.0,Improvement,0.0
T00419,S0419,Python Programming,Soft Skills,Yes,80.0,3.0,80.0,80.0,no,0.0
T00420,S0420,Web Development,no,no,80.0,6.0,80.0,80.0,No Improvement,0.0
T00421,S0421,Cloud Computing,Soft Skills,No,80.0,6.0,80.0,80.0,no,0.0
T00422,S0422,Communication Skills,Technical,No,80.0,3.0,80.0,80.0,Improvement,0.0
T00423,S0423,IoT Basics,Soft Skills,Yes,80.0,3.0,80.0,80.0,Improvement,0.0
T00424,S0424,Data Science,no,Yes,58.0,2.0,80.0,80.0,Improvement,0.0
T00425,S0425,Data Science,Technical,No,80.0,3.0,80.0,80.0,Improvement,0.0
T00426,S0426,Python Programming,Technical,Yes,80.0,3.0,80.0,80.0,Improvement,0.0
T00427,S0427,Leadership,Technical,Yes,80.0,3.0,45.0,80.0,Improvement,35.0
T00428,S0428,Data Science,Soft Skills,No,80.0,3.0,80.0,80.0,Improvement,0.0
T00429,S0429,Web Development,Soft Skills,Yes,80.0,3.0,80.0,80.0,Improvement,0.0
T00430,S0430,IoT Basics,Technical,Yes,80.0,3.0,45.0,80.0,no,35.0
T00431,S0431,Web Development,Technical,Yes,65.0,3.0,12.0,58.0,no,46.0
T00432,S0432,Data Science,no,Yes,93.0,6.0,21.0,80.0,Improvement,59.0
T00433,S0433,Negotiation,Soft Skills,Yes,80.0,3.0,80.0,37.0,Improvement,-43.0
T00434,S0434,Data Science,Technical,No,80.0,6.0,25.0,61.0,Improvement,36.0
T00435,S0435,Blockchain,Soft Skills,Yes,80.0,6.0,80.0,80.0,no,0.0
T00436,S0436,Cybersecurity,Soft Skills,No,77.0,1.0,80.0,3.0,Improvement,-77.0
T00437,S0437,Blockchain,Technical,Yes,80.0,6.0,80.0,80.0,no,0.0
T00438,S0438,Cybersecurity,Technical,no,80.0,2.0,80.0,80.0,no,0.0
T00439,S0439,DevOps,Technical,Yes,47.0,6.0,18.0,80.0,no,62.0
T00440,S0440,Cybersecurity,Technical,no,80.0,3.0,80.0,80.0,no,0.0
T00441,S0441,Python Programming,Soft Skills,No,80.0,3.0,80.0,80.0,Improvement,0.0
T00442,S0442,Python Programming,no,Yes,80.0,2.0,80.0,80.0,no,0.0
T00443,S0443,no,no,No,80.0,6.0,80.0,80.0,Improvement,0.0
T00444,S0444,Cybersecurity,no,no,80.0,3.0,99.0,80.0,No Improvement,-19.0
T00445,S0445,Python Programming,Soft Skills,No,80.0,6.0,80.0,80.0,Improvement,0.0
T00446,S0446,IoT Basics,Technical,no,80.0,3.0,80.0,80.0,no,0.0
T00447,S0447,Communication Skills,Soft Skills,No,80.0,5.0,80.0,80.0,no,0.0
T00448,S0448,Negotiation,Soft Skills,Yes,95.0,3.0,63.0,80.0,no,17.0
T00449,S0449,Data Science,Technical,No,80.0,3.0,23.0,80.0,no,57.0
T00450,S0450,IoT Basics,Soft Skills,no,80.0,3.0,80.0,80.0,Improvement,0.0
T00451,S0451,Negotiation,Technical,Yes,35.0,3.0,80.0,80.0,no,0.0
T00452,S0452,Cloud Computing,Technical,No,80.0,3.0,86.0,80.0,no,-6.0
T00453,S0453,DevOps,Soft Skills,No,80.0,3.0,6.0,80.0,No Improvement,74.0
T00454,S0454,Cloud Computing,no,Yes,80.0,3.0,80.0,80.0,no,0.0
T00455,S0455,DevOps,Technical,Yes,80.0,2.0,80.0,80.0,Improvement,0.0
T00456,S0456,Data Science,Technical,Yes,80.0,6.0,87.0,81.0,no,-6.0
T00457,S0457,no,Technical,no,80.0,3.0,80.0,80.0,Improvement,0.0
T00458,S0458,Web Development,Soft Skills,No,67.0,6.0,82.0,80.0,No Improvement,-2.0
T00459,S0459,Data Science,Technical,no,80.0,3.0,80.0,80.0,Improvement,0.0
T00460,S0460,Communication Skills,Soft Skills,Yes,97.0,1.0,80.0,80.0,no,0.0
T00461,S0461,IoT Basics,Technical,Yes,50.0,3.0,72.0,80.0,Improvement,8.0
T00462,S0462,AI Fundamentals,Soft Skills,Yes,80.0,3.0,80.0,80.0,Improvement,0.0
T00463,S0463,DevOps,Technical,No,80.0,3.0,21.0,80.0,no,59.0
T00464,S0464,IoT Basics,Technical,Yes,80.0,3.0,77.0,80.0,Improvement,3.0
T00465,S0465,Cloud Computing,Technical,No,73.0,6.0,80.0,13.0,No Improvement,-67.0
T00466,S0466,IoT Basics,Soft Skills,No,80.0,3.0,80.0,80.0,no,0.0
T00467,S0467,Negotiation,no,No,80.0,3.0,0.0,80.0,No Improvement,80.0
T00468,S0468,no,no,No,80.0,3.0,80.0,23.0,no,-57.0
T00469,S0469,Communication Skills,Soft Skills,Yes,96.0,3.0,80.0,80.0,no,0.0
T00470,S0470,Python Programming,Technical,Yes,80.0,6.0,80.0,80.0,no,0.0
T00471,S0471,Cybersecurity,no,Yes,80.0,2.0,26.0,80.0,no,54.0
T00472,S0472,DevOps,Soft Skills,No,80.0,3.0,80.0,80.0,No Improvement,0.0
T00473,S0473,Blockchain,Soft Skills,no,0.0,3.0,80.0,80.0,No Improvement,0.0
T00474,S0474,Python Programming,Soft Skills,Yes,80.0,6.0,80.0,80.0,Improvement,0.0
T00475,S0475,Cloud Computing,no,Yes,80.0,6.0,80.0,41.0,no,-39.0
T00476,S0476,Blockchain,Soft Skills,Yes,80.0,6.0,80.0,80.0,Improvement,0.0
T00477,S0477,DevOps,Soft Skills,Yes,80.0,3.0,61.0,80.0,No Improvement,19.0
T00478,S0478,Communication Skills,Soft Skills,Yes,40.0,3.0,80.0,54.0,Improvement,-26.0
T00479,S0479,AI Fundamentals,Soft Skills,no,80.0,3.0,80.0,80.0,No Improvement,0.0
T00480,S0480,Python Programming,no,no,24.0,3.0,80.0,80.0,no,0.0
T00481,S0481,Communication Skills,Technical,Yes,80.0,3.0,45.0,56.0,no,11.0
T00482,S0482,DevOps,Soft Skills,Yes,80.0,1.0,80.0,80.0,Improvement,0.0
T00483,S0483,AI Fundamentals,Soft Skills,Yes,80.0,6.0,9.0,80.0,Improvement,71.0
T00484,S0484,Web Development,Technical,Yes,80.0,2.0,80.0,80.0,no,0.0
T00485,S0485,IoT Basics,Technical,No,80.0,6.0,80.0,55.0,No Improvement,-25.0
T00486,S0486,Cloud Computing,Soft Skills,Yes,80.0,3.0,28.0,80.0,no,52.0
T00487,S0487,DevOps,Technical,no,80.0,3.0,78.0,80.0,Improvement,2.0
T00488,S0488,IoT Basics,Soft Skills,Yes,80.0,3.0,43.0,80.0,no,37.0
T00489,S0489,Web Development,Technical,no,80.0,4.0,80.0,80.0,no,0.0
T00490,S0490,no,Soft Skills,Yes,80.0,3.0,36.0,80.0,Improvement,44.0
T00491,S0491,Leadership,Soft Skills,Yes,80.0,3.0,19.0,80.0,no,61.0
T00492,S0492,Blockchain,Soft Skills,No,80.0,6.0,80.0,80.0,no,0.0
T00493,S0493,Blockchain,Soft Skills,Yes,40.0,3.0,80.0,80.0,Improvement,0.0
T00494,S0494,Web Development,Soft Skills,No,80.0,1.0,25.0,80.0,no,55.0
T00495,S0495,IoT Basics,Technical,no,51.0,3.0,80.0,80.0,no,0.0
T00496,S0496,Communication Skills,no,No,56.0,3.0,94.0,80.0,no,-14.0
T00497,S0497,Communication Skills,Soft Skills,Yes,80.0,5.0,80.0,55.0,Improvement,-25.0
T00498,S0498,Communication Skills,no,Yes,80.0,3.0,80.0,80.0,no,0.0
T00499,S0499,Python Programming,Technical,No,80.0,2.0,80.0,4.0,no,-76.0
T00500,S0500,DevOps,Technical,Yes,24.0,3.0,80.0,80.0,no,0.0
T00501,S0501,Web Development,Technical,Yes,80.0,3.0,14.0,80.0,Improvement,66.0
T00502,S0502,no,Technical,No,80.0,5.0,80.0,80.0,No Improvement,0.0
T00503,S0503,IoT Basics,Technical,No,80.0,1.0,80.0,80.0,no,0.0
T00504,S0504,Communication Skills,no,No,80.0,6.0,76.0,45.0,no,-31.0
T00505,S0505,Communication Skills,Technical,Yes,91.0,2.0,80.0,23.0,Improvement,-57.0
T00506,S0506,AI Fundamentals,Technical,Yes,80.0,3.0,80.0,80.0,Improvement,0.0
T00507,S0507,no,no,Yes,80.0,4.0,80.0,80.0,no,0.0
T00508,S0508,Communication Skills,no,Yes,64.0,4.0,80.0,80.0,Improvement,0.0
T00509,S0509,Communication Skills,no,no,80.0,3.0,80.0,73.0,Improvement,-7.0
T00510,S0510,DevOps,no,Yes,27.0,6.0,80.0,80.0,Improvement,0.0
T00511,S0511,Communication Skills,Technical,Yes,80.0,3.0,80.0,17.0,Improvement,-63.0
T00512,S0512,Leadership,Technical,Yes,82.0,3.0,80.0,80.0,no,0.0
T00513,S0513,Web Development,Technical,No,80.0,3.0,80.0,32.0,no,-48.0
T00514,S0514,IoT Basics,no,Yes,80.0,6.0,12.0,80.0,no,68.0
T00515,S0515,Python Programming,Technical,No,80.0,4.0,40.0,80.0,no,40.0
T00516,S0516,AI Fundamentals,Technical,Yes,80.0,6.0,80.0,80.0,Improvement,0.0
T00517,S0517,AI Fundamentals,no,Yes,80.0,3.0,80.0,80.0,no,0.0
T00518,S0518,Web Development,no,Yes,80.0,6.0,80.0,80.0,no,0.0
T00519,S0519,Leadership,Soft Skills,Yes,80.0,6.0,28.0,80.0,no,52.0
T00520,S0520,Cloud Computing,Technical,Yes,96.0,3.0,80.0,80.0,no,0.0
T00521,S0521,Cloud Computing,Soft Skills,Yes,80.0,6.0,80.0,80.0,no,0.0
T00522,S0522,AI Fundamentals,Technical,No,80.0,6.0,95.0,80.0,No Improvement,-15.0
T00523,S0523,Web Development,Technical,Yes,80.0,6.0,80.0,80.0,Improvement,0.0
T00524,S0524,AI Fundamentals,Technical,Yes,71.0,3.0,80.0,80.0,no,0.0
T00525,S0525,Web Development,no,Yes,80.0,5.0,80.0,80.0,no,0.0
T00526,S0526,Negotiation,Technical,no,6.0,6.0,80.0,80.0,Improvement,0.0
T00527,S0527,Negotiation,no,Yes,80.0,6.0,80.0,80.0,Improvement,0.0
T00528,S0528,Negotiation,Soft Skills,No,80.0,3.0,10.0,80.0,no,70.0
T00529,S0529,AI Fundamentals,Technical,Yes,80.0,3.0,80.0,80.0,Improvement,0.0
T00530,S0530,Python Programming,no,no,80.0,3.0,80.0,28.0,no,-52.0
T00531,S0531,Python Programming,Technical,Yes,80.0,6.0,80.0,80.0,No Improvement,0.0
T00532,S0532,IoT Basics,no,Yes,18.0,6.0,80.0,80.0,Improvement,0.0
T00533,S0533,Communication Skills,Technical,No,80.0,3.0,80.0,80.0,no,0.0
T00534,S0534,Python Programming,Soft Skills,No,80.0,6.0,80.0,89.0,Improvement,9.0
T00535,S0535,DevOps,Soft Skills,No,80.0,3.0,33.0,80.0,No Improvement,47.0
T00536,S0536,DevOps,Soft Skills,no,80.0,3.0,80.0,80.0,no,0.0
T00537,S0537,Leadership,no,No,80.0,3.0,80.0,80.0,No Improvement,0.0
T00538,S0538,Web Development,no,Yes,80.0,3.0,80.0,80.0,No Improvement,0.0
T00539,S0539,DevOps,Soft Skills,No,49.0,6.0,44.0,80.0,No Improvement,36.0
T00540,S0540,Web Development,Technical,No,70.0,3.0,80.0,80.0,Improvement,0.0
T00541,S0541,IoT Basics,no,Yes,80.0,3.0,80.0,55.0,No Improvement,-25.0
T00542,S0542,Negotiation,no,No,80.0,3.0,80.0,62.0,Improvement,-18.0
T00543,S0543,Cybersecurity,Technical,No,80.0,6.0,81.0,80.0,Improvement,-1.0
T00544,S0544,Data Science,Soft Skills,No,80.0,2.0,80.0,80.0,Improvement,0.0
T00545,S0545,Data Science,Soft Skills,no,80.0,6.0,51.0,80.0,No Improvement,29.0
T00546,S0546,DevOps,Soft Skills,No,80.0,2.0,80.0,80.0,Improvement,0.0
T00547,S0547,IoT Basics,no,Yes,15.0,3.0,80.0,80.0,no,0.0
T00548,S0548,Web Development,Soft Skills,Yes,80.0,3.0,80.0,80.0,No Improvement,0.0
T00549,S0549,Python Programming,Technical,Yes,80.0,3.0,80.0,80.0,No Improvement,0.0
T00550,S0550,Blockchain,Technical,No,83.0,6.0,80.0,80.0,Improvement,0.0
T00551,S0551,no,Technical,Yes,80.0,6.0,80.0,80.0,no,0.0
T00552,S0552,Leadership,Technical,Yes,31.0,6.0,6.0,8.0,No Improvement,2.0
T00553,S0553,Data Science,Soft Skills,No,80.0,3.0,80.0,80.0,No Improvement,0.0
T00554,S0554,Negotiation,Technical,No,80.0,6.0,80.0,80.0,Improvement,0.0
T00555,S0555,Cloud Computing,Soft Skills,Yes,80.0,6.0,80.0,80.0,Improvement,0.0
T00556,S0556,Web Development,Technical,No,39.0,2.0,80.0,80.0,Improvement,0.0
T00557,S0557,no,Technical,No,80.0,3.0,80.0,80.0,no,0.0
T00558,S0558,Web Development,Technical,Yes,80.0,3.0,80.0,80.0,no,0.0
T00559,S0559,Communication Skills,no,No,13.0,6.0,98.0,80.0,no,-18.0
T00560,S0560,IoT Basics,no,Yes,23.0,3.0,80.0,80.0,Improvement,0.0
T00561,S0561,no,Technical,no,80.0,3.0,80.0,80.0,no,0.0
T00562,S0562,Data Science,Soft Skills,No,5.0,3.0,80.0,80.0,no,0.0
T00563,S0563,Negotiation,no,No,80.0,3.0,80.0,80.0,Improvement,0.0
T00564,S0564,no,no,no,80.0,3.0,92.0,80.0,no,-12.0
T00565,S0565,Data Science,Soft Skills,Yes,80.0,6.0,80.0,80.0,no,0.0
T00566,S0566,Negotiation,Soft Skills,Yes,80.0,6.0,80.0,80.0,no,0.0
T00567,S0567,Python Programming,Soft Skills,no,80.0,3.0,80.0,80.0,No Improvement,0.0
T00568,S0568,Leadership,Soft Skills,No,80.0,3.0,45.0,80.0,Improvement,35.0
T00569,S0569,DevOps,Soft Skills,Yes,80.0,3.0,80.0,80.0,Improvement,0.0
T00570,S0570,Web Development,no,Yes,80.0,3.0,80.0,80.0,No Improvement,0.0
T00571,S0571,Python Programming,Technical,Yes,59.0,5.0,80.0,80.0,Improvement,0.0
T00572,S0572,Python Programming,Soft Skills,Yes,80.0,3.0,80.0,6.0,no,-74.0
T00573,S0573,Cloud Computing,Technical,Yes,80.0,6.0,80.0,7.0,No Improvement,-73.0
T00574,S0574,Web Development,no,No,80.0,5.0,80.0,80.0,No Improvement,0.0
T00575,S0575,Python Programming,no,Yes,52.0,6.0,63.0,80.0,No Improvement,17.0
T00576,S0576,IoT Basics,Soft Skills,Yes,80.0,3.0,80.0,80.0,Improvement,0.0
T00577,S0577,Blockchain,Soft Skills,No,96.0,6.0,80.0,80.0,Improvement,0.0
T00578,S0578,Leadership,Soft Skills,No,80.0,1.0,80.0,80.0,no,0.0
T00579,S0579,AI Fundamentals,Technical,no,74.0,3.0,80.0,80.0,No Improvement,0.0
T00580,S0580,IoT Basics,no,No,80.0,3.0,80.0,80.0,no,0.0
T00581,S0581,Cybersecurity,Technical,No,89.0,3.0,80.0,80.0,Improvement,0.0
T00582,S0582,Web Development,no,No,80.0,3.0,46.0,80.0,Improvement,34.0
T00583,S0583,Blockchain,no,No,80.0,3.0,80.0,31.0,no,-49.0
T00584,S0584,Cloud Computing,Technical,Yes,38.0,3.0,80.0,80.0,Improvement,0.0
T00585,S0585,Communication Skills,Technical,No,80.0,3.0,80.0,80.0,no,0.0
T00586,S0586,Blockchain,Technical,Yes,80.0,4.0,80.0,80.0,No Improvement,0.0
T00587,S0587,Blockchain,Technical,Yes,80.0,6.0,80.0,80.0,Improvement,0.0
T00588,S0588,Python Programming,no,Yes,80.0,3.0,80.0,70.0,Improvement,-10.0
T00589,S0589,Python Programming,Soft Skills,Yes,80.0,3.0,80.0,67.0,no,-13.0
T00590,S0590,Data Science,no,Yes,80.0,4.0,80.0,80.0,no,0.0
T00591,S0591,Data Science,Soft Skills,No,80.0,3.0,80.0,80.0,no,0.0
T00592,S0592,Communication Skills,no,Yes,80.0,3.0,80.0,80.0,no,0.0
T00593,S0593,DevOps,Technical,No,54.0,3.0,41.0,80.0,Improvement,39.0
T00594,S0594,Negotiation,Soft Skills,Yes,80.0,3.0,80.0,80.0,no,0.0
T00595,S0595,Blockchain,Soft Skills,Yes,80.0,5.0,80.0,80.0,no,0.0
T00596,S0596,Python Programming,no,No,80.0,3.0,80.0,13.0,Improvement,-67.0
T00597,S0597,Python Programming,no,Yes,80.0,3.0,80.0,80.0,no,0.0
T00598,S0598,Cloud Computing,Technical,no,80.0,4.0,80.0,80.0,Improvement,0.0
T00599,S0599,Leadership,Technical,Yes,80.0,6.0,80.0,42.0,No Improvement,-38.0
T00600,S0600,AI Fundamentals,no,No,80.0,3.0,80.0,80.0,no,0.0
T00601,S0601,Cybersecurity,Soft Skills,No,80.0,3.0,80.0,50.0,Improvement,-30.0
T00602,S0602,DevOps,no,Yes,80.0,2.0,62.0,80.0,no,18.0
T00603,S0603,Cybersecurity,Technical,Yes,80.0,6.0,80.0,80.0,no,0.0
T00604,S0604,DevOps,Soft Skills,Yes,80.0,6.0,80.0,80.0,no,0.0
T00605,S0605,IoT Basics,Technical,no,80.0,6.0,80.0,65.0,no,-15.0
T00606,S0606,DevOps,no,Yes,80.0,3.0,88.0,70.0,no,-18.0
T00607,S0607,Blockchain,Technical,no,80.0,6.0,80.0,80.0,Improvement,0.0
T00608,S0608,Python Programming,Technical,Yes,80.0,6.0,80.0,80.0,No Improvement,0.0
T00609,S0609,Cybersecurity,Soft Skills,no,80.0,3.0,80.0,36.0,no,-44.0
T00610,S0610,Web Development,Technical,Yes,80.0,6.0,80.0,80.0,no,0.0
T00611,S0611,AI Fundamentals,Soft Skills,Yes,80.0,6.0,80.0,80.0,no,0.0
T00612,S0612,Communication Skills,Technical,Yes,80.0,2.0,80.0,80.0,No Improvement,0.0
T00613,S0613,Negotiation,Soft Skills,Yes,80.0,6.0,80.0,31.0,Improvement,-49.0
T00614,S0614,Leadership,Technical,no,80.0,4.0,18.0,80.0,Improvement,62.0
T00615,S0615,AI Fundamentals,no,no,58.0,6.0,80.0,80.0,Improvement,0.0
T00616,S0616,AI Fundamentals,no,no,80.0,1.0,80.0,80.0,Improvement,0.0
T00617,S0617,Negotiation,Soft Skills,Yes,80.0,4.0,92.0,80.0,no,-12.0
T00618,S0618,Cybersecurity,Technical,No,80.0,4.0,26.0,22.0,no,-4.0
T00619,S0619,Web Development,Technical,Yes,80.0,6.0,80.0,80.0,Improvement,0.0
T00620,S0620,Cloud Computing,Soft Skills,Yes,20.0,3.0,80.0,56.0,no,-24.0
T00621,S0621,IoT Basics,Soft Skills,Yes,80.0,6.0,80.0,80.0,no,0.0
T00622,S0622,Negotiation,no,Yes,80.0,6.0,80.0,80.0,No Improvement,0.0
T00623,S0623,DevOps,Soft Skills,Yes,3.0,3.0,80.0,52.0,No Improvement,-28.0
T00624,S0624,AI Fundamentals,Technical,Yes,80.0,6.0,80.0,80.0,Improvement,0.0
T00625,S0625,Python Programming,Soft Skills,No,1.0,3.0,80.0,80.0,Improvement,0.0
T00626,S0626,Cybersecurity,Soft Skills,No,80.0,1.0,80.0,80.0,no,0.0
T00627,S0627,no,Technical,No,22.0,6.0,80.0,80.0,No Improvement,0.0
T00628,S0628,no,Soft Skills,Yes,80.0,2.0,80.0,80.0,no,0.0
T00629,S0629,Communication Skills,no,no,80.0,3.0,80.0,80.0,Improvement,0.0
T00630,S0630,Blockchain,Soft Skills,Yes,80.0,3.0,80.0,24.0,Improvement,-56.0
T00631,S0631,Cloud Computing,no,no,34.0,3.0,31.0,46.0,no,15.0
T00632,S0632,Cybersecurity,Soft Skills,Yes,2.0,3.0,64.0,80.0,no,16.0
T00633,S0633,Communication Skills,Technical,Yes,80.0,6.0,36.0,86.0,No Improvement,50.0
T00634,S0634,Cloud Computing,Soft Skills,Yes,80.0,3.0,82.0,80.0,no,-2.0
T00635,S0635,Blockchain,Technical,no,80.0,3.0,80.0,80.0,No Improvement,0.0
T00636,S0636,Web Development,Soft Skills,no,80.0,6.0,80.0,80.0,no,0.0
T00637,S0637,Negotiation,Technical,Yes,27.0,3.0,80.0,80.0,no,0.0
T00638,S0638,Blockchain,Technical,No,74.0,3.0,80.0,22.0,Improvement,-58.0
T00639,S0639,Python Programming,Soft Skills,No,80.0,6.0,80.0,80.0,no,0.0
T00640,S0640,Data Science,Technical,no,80.0,2.0,80.0,80.0,no,0.0
T00641,S0641,Blockchain,Soft Skills,No,80.0,2.0,80.0,55.0,No Improvement,-25.0
T00642,S0642,Negotiation,no,Yes,80.0,5.0,80.0,80.0,Improvement,0.0
T00643,S0643,Python Programming,Technical,Yes,80.0,3.0,80.0,80.0,Improvement,0.0
T00644,S0644,AI Fundamentals,Technical,Yes,95.0,3.0,31.0,80.0,Improvement,49.0
T00645,S0645,Python Programming,Soft Skills,Yes,80.0,6.0,80.0,56.0,Improvement,-24.0
T00646,S0646,Communication Skills,Technical,No,80.0,6.0,29.0,80.0,Improvement,51.0
T00647,S0647,Web Development,no,Yes,0.0,3.0,80.0,80.0,no,0.0
T00648,S0648,DevOps,no,Yes,80.0,3.0,32.0,80.0,Improvement,48.0
T00649,S0649,Cybersecurity,no,No,80.0,3.0,80.0,80.0,Improvement,0.0
T00650,S0650,Communication Skills,Technical,No,80.0,6.0,82.0,73.0,Improvement,-9.0
T00651,S0651,Data Science,Technical,no,3.0,6.0,80.0,80.0,No Improvement,0.0
T00652,S0652,Cybersecurity,Technical,No,9.0,3.0,80.0,86.0,no,6.0
T00653,S0653,Negotiation,no,Yes,9.0,3.0,77.0,80.0,Improvement,3.0
T00654,S0654,Python Programming,Soft Skills,Yes,80.0,6.0,80.0,38.0,no,-42.0
T00655,S0655,IoT Basics,Technical,Yes,80.0,1.0,95.0,1.0,no,-94.0
T00656,S0656,Communication Skills,Technical,Yes,80.0,3.0,80.0,80.0,No Improvement,0.0
T00657,S0657,no,Soft Skills,no,76.0,1.0,80.0,80.0,Improvement,0.0
T00658,S0658,no,Technical,no,80.0,4.0,80.0,80.0,no,0.0
T00659,S0659,IoT Basics,no,No,10.0,6.0,80.0,80.0,no,0.0
T00660,S0660,no,Technical,Yes,80.0,3.0,80.0,80.0,Improvement,0.0
T00661,S0661,Cloud Computing,Technical,Yes,80.0,6.0,80.0,80.0,no,0.0
T00662,S0662,no,Soft Skills,Yes,80.0,3.0,60.0,63.0,Improvement,3.0
T00663,S0663,Blockchain,Soft Skills,Yes,80.0,1.0,7.0,80.0,Improvement,73.0
T00664,S0664,Leadership,Technical,Yes,80.0,2.0,80.0,80.0,Improvement,0.0
T00665,S0665,Cybersecurity,Technical,Yes,31.0,3.0,80.0,29.0,Improvement,-51.0
T00666,S0666,Negotiation,Technical,Yes,80.0,3.0,80.0,80.0,No Improvement,0.0
T00667,S0667,Data Science,Technical,Yes,80.0,6.0,80.0,88.0,Improvement,8.0
T00668,S0668,no,Technical,Yes,80.0,5.0,80.0,80.0,Improvement,0.0
T00669,S0669,Leadership,Technical,Yes,80.0,6.0,80.0,80.0,no,0.0
T00670,S0670,Cloud Computing,Soft Skills,Yes,80.0,6.0,80.0,22.0,no,-58.0
T00671,S0671,no,Soft Skills,Yes,80.0,6.0,80.0,52.0,No Improvement,-28.0
T00672,S0672,Cloud Computing,no,Yes,80.0,3.0,80.0,80.0,No Improvement,0.0
T00673,S0673,DevOps,Soft Skills,Yes,65.0,3.0,80.0,80.0,no,0.0
T00674,S0674,IoT Basics,Soft Skills,Yes,80.0,3.0,80.0,36.0,Improvement,-44.0
T00675,S0675,no,Soft Skills,Yes,80.0,3.0,6.0,80.0,No Improvement,74.0
T00676,S0676,Cloud Computing,Soft Skills,Yes,80.0,3.0,80.0,80.0,Improvement,0.0
T00677,S0677,AI Fundamentals,no,Yes,80.0,3.0,80.0,4.0,Improvement,-76.0
T00678,S0678,Blockchain,Technical,Yes,80.0,2.0,80.0,80.0,no,0.0
T00679,S0679,Leadership,Technical,Yes,80.0,4.0,80.0,80.0,no,0.0
T00680,S0680,no,Soft Skills,Yes,80.0,4.0,45.0,80.0,no,35.0
T00681,S0681,Web Development,no,no,80.0,3.0,63.0,80.0,no,17.0
T00682,S0682,Data Science,Soft Skills,Yes,80.0,3.0,84.0,80.0,no,-4.0
T00683,S0683,Python Programming,Soft Skills,Yes,80.0,2.0,80.0,80.0,no,0.0
T00684,S0684,Negotiation,Technical,Yes,80.0,2.0,43.0,80.0,Improvement,37.0
T00685,S0685,Web Development,Technical,Yes,80.0,3.0,80.0,80.0,no,0.0
T00686,S0686,Leadership,no,No,80.0,5.0,9.0,80.0,no,71.0
T00687,S0687,Web Development,Soft Skills,Yes,80.0,5.0,80.0,80.0,no,0.0
T00688,S0688,Python Programming,Soft Skills,Yes,58.0,3.0,80.0,80.0,no,0.0
T00689,S0689,IoT Basics,no,Yes,80.0,3.0,80.0,80.0,Improvement,0.0
T00690,S0690,DevOps,Technical,Yes,68.0,1.0,80.0,80.0,No Improvement,0.0
T00691,S0691,IoT Basics,no,Yes,80.0,3.0,80.0,80.0,no,0.0
T00692,S0692,Communication Skills,Soft Skills,Yes,15.0,3.0,80.0,80.0,No Improvement,0.0
T00693,S0693,Blockchain,no,Yes,80.0,3.0,80.0,80.0,no,0.0
T00694,S0694,Cybersecurity,Soft Skills,No,80.0,6.0,80.0,80.0,No Improvement,0.0
T00695,S0695,Blockchain,Technical,Yes,80.0,3.0,80.0,80.0,No Improvement,0.0
T00696,S0696,Cloud Computing,Technical,Yes,80.0,3.0,80.0,85.0,no,5.0
T00697,S0697,AI Fundamentals,Soft Skills,Yes,80.0,2.0,80.0,80.0,no,0.0
T00698,S0698,Web Development,Soft Skills,Yes,39.0,3.0,80.0,80.0,no,0.0
T00699,S0699,Cybersecurity,no,Yes,80.0,6.0,80.0,80.0,Improvement,0.0
T00700,S0700,no,Soft Skills,No,80.0,6.0,80.0,80.0,Improvement,0.0
T00701,S0701,IoT Basics,Technical,Yes,80.0,6.0,80.0,80.0,Improvement,0.0
T00702,S0702,no,no,Yes,89.0,6.0,43.0,80.0,no,37.0
T00703,S0703,AI Fundamentals,Technical,Yes,5.0,1.0,80.0,80.0,Improvement,0.0
T00704,S0704,Negotiation,Soft Skills,no,80.0,3.0,80.0,80.0,no,0.0
T00705,S0705,IoT Basics,Soft Skills,Yes,80.0,3.0,80.0,80.0,no,0.0
T00706,S0706,Negotiation,no,Yes,80.0,3.0,48.0,39.0,Improvement,-9.0
T00707,S0707,Communication Skills,Soft Skills,No,80.0,6.0,80.0,80.0,Improvement,0.0
T00708,S0708,IoT Basics,no,No,80.0,6.0,80.0,77.0,no,-3.0
T00709,S0709,Data Science,Technical,No,80.0,2.0,80.0,62.0,No Improvement,-18.0
T00710,S0710,Python Programming,no,Yes,20.0,3.0,80.0,80.0,No Improvement,0.0
T00711,S0711,Python Programming,no,No,80.0,6.0,90.0,65.0,Improvement,-25.0
T00712,S0712,Leadership,Soft Skills,no,80.0,3.0,80.0,52.0,Improvement,-28.0
T00713,S0713,Leadership,Soft Skills,no,80.0,3.0,80.0,80.0,Improvement,0.0
T00714,S0714,Python Programming,Soft Skills,no,80.0,3.0,80.0,80.0,Improvement,0.0
T00715,S0715,Python Programming,Soft Skills,No,80.0,3.0,80.0,80.0,Improvement,0.0
T00716,S0716,Blockchain,Soft Skills,Yes,80.0,3.0,80.0,80.0,no,0.0
T00717,S0717,Python Programming,Soft Skills,Yes,80.0,6.0,80.0,80.0,No Improvement,0.0
T00718,S0718,AI Fundamentals,Soft Skills,no,80.0,3.0,0.0,80.0,No Improvement,80.0
T00719,S0719,Data Science,Technical,No,80.0,3.0,80.0,80.0,No Improvement,0.0
T00720,S0720,Blockchain,Technical,Yes,80.0,3.0,80.0,80.0,no,0.0
T00721,S0721,Communication Skills,Soft Skills,Yes,5.0,3.0,80.0,32.0,no,-48.0
T00722,S0722,Negotiation,no,Yes,80.0,3.0,80.0,80.0,no,0.0
T00723,S0723,Cybersecurity,Soft Skills,No,80.0,3.0,43.0,80.0,no,37.0
T00724,S0724,IoT Basics,Technical,Yes,95.0,3.0,80.0,80.0,Improvement,0.0
T00725,S0725,no,Technical,No,0.0,6.0,80.0,40.0,no,-40.0
T00726,S0726,Python Programming,Soft Skills,Yes,80.0,3.0,80.0,36.0,No Improvement,-44.0
T00727,S0727,no,Soft Skills,No,80.0,3.0,80.0,80.0,no,0.0
T00728,S0728,Data Science,Soft Skills,No,80.0,4.0,80.0,80.0,Improvement,0.0
T00729,S0729,Web Development,no,no,80.0,3.0,80.0,80.0,no,0.0
T00730,S0730,IoT Basics,Technical,No,80.0,3.0,80.0,80.0,Improvement,0.0
T00731,S0731,Negotiation,no,No,8.0,3.0,80.0,80.0,no,0.0
T00732,S0732,Data Science,Technical,No,80.0,2.0,80.0,59.0,no,-21.0
T00733,S0733,Blockchain,Technical,Yes,80.0,6.0,80.0,80.0,no,0.0
T00734,S0734,DevOps,Technical,Yes,79.0,3.0,80.0,80.0,Improvement,0.0
T00735,S0735,Negotiation,no,No,80.0,3.0,68.0,80.0,no,12.0
T00736,S0736,AI Fundamentals,Technical,No,30.0,3.0,60.0,80.0,no,20.0
T00737,S0737,Data Science,Soft Skills,Yes,80.0,3.0,80.0,80.0,No Improvement,0.0
T00738,S0738,DevOps,Technical,Yes,80.0,3.0,80.0,80.0,Improvement,0.0
T00739,S0739,no,Technical,Yes,80.0,3.0,80.0,80.0,Improvement,0.0
T00740,S0740,Negotiation,Technical,Yes,80.0,6.0,37.0,80.0,no,43.0
T00741,S0741,Data Science,Soft Skills,no,82.0,6.0,80.0,80.0,no,0.0
T00742,S0742,Communication Skills,Technical,no,81.0,3.0,26.0,39.0,no,13.0
T00743,S0743,Cloud Computing,Technical,Yes,80.0,2.0,80.0,80.0,Improvement,0.0
T00744,S0744,Leadership,no,Yes,18.0,3.0,28.0,58.0,no,30.0
T00745,S0745,Python Programming,Soft Skills,no,80.0,6.0,80.0,80.0,no,0.0
T00746,S0746,Negotiation,Soft Skills,Yes,80.0,3.0,80.0,80.0,no,0.0
T00747,S0747,Blockchain,Technical,Yes,42.0,3.0,51.0,61.0,Improvement,10.0
T00748,S0748,Blockchain,Technical,Yes,80.0,6.0,18.0,80.0,no,62.0
T00749,S0749,Communication Skills,Technical,Yes,80.0,3.0,80.0,48.0,No Improvement,-32.0
T00750,S0750,AI Fundamentals,Technical,Yes,17.0,3.0,16.0,80.0,no,64.0
T00751,S0751,AI Fundamentals,Technical,Yes,80.0,3.0,92.0,22.0,Improvement,-70.0
T00752,S0752,AI Fundamentals,no,Yes,80.0,3.0,37.0,80.0,No Improvement,43.0
T00753,S0753,Data Science,Soft Skills,Yes,80.0,6.0,80.0,80.0,No Improvement,0.0
T00754,S0754,Communication Skills,Technical,Yes,80.0,3.0,80.0,80.0,no,0.0
T00755,S0755,IoT Basics,Technical,Yes,60.0,5.0,40.0,73.0,no,33.0
T00756,S0756,DevOps,no,Yes,80.0,6.0,80.0,32.0,Improvement,-48.0
T00757,S0757,Cybersecurity,Soft Skills,No,80.0,6.0,80.0,80.0,Improvement,0.0
T00758,S0758,AI Fundamentals,no,no,80.0,3.0,80.0,96.0,No Improvement,16.0
T00759,S0759,Blockchain,Soft Skills,Yes,80.0,4.0,42.0,80.0,no,38.0
T00760,S0760,Blockchain,no,Yes,80.0,3.0,32.0,80.0,Improvement,48.0
T00761,S0761,Communication Skills,Technical,No,80.0,3.0,77.0,80.0,No Improvement,3.0
T00762,S0762,AI Fundamentals,Technical,Yes,80.0,3.0,76.0,80.0,no,4.0
T00763,S0763,Communication Skills,Technical,Yes,80.0,3.0,80.0,24.0,Improvement,-56.0
T00764,S0764,Blockchain,Soft Skills,Yes,80.0,3.0,80.0,3.0,Improvement,-77.0
T00765,S0765,IoT Basics,Technical,No,80.0,1.0,80.0,80.0,no,0.0
T00766,S0766,Cloud Computing,no,Yes,80.0,3.0,80.0,80.0,no,0.0
T00767,S0767,Leadership,Technical,Yes,80.0,6.0,40.0,80.0,no,40.0
T00768,S0768,Communication Skills,Technical,no,0.0,6.0,80.0,80.0,no,0.0
T00769,S0769,Python Programming,Soft Skills,Yes,80.0,3.0,80.0,80.0,no,0.0
T00770,S0770,Leadership,no,no,49.0,1.0,80.0,19.0,Improvement,-61.0
T00771,S0771,Leadership,Technical,No,80.0,3.0,80.0,80.0,No Improvement,0.0
T00772,S0772,Cybersecurity,no,No,80.0,1.0,24.0,80.0,no,56.0
T00773,S0773,Negotiation,Technical,Yes,80.0,3.0,80.0,88.0,Improvement,8.0
T00774,S0774,Cloud Computing,Soft Skills,no,80.0,3.0,80.0,49.0,no,-31.0
T00775,S0775,Data Science,Technical,no,80.0,6.0,56.0,80.0,No Improvement,24.0
T00776,S0776,no,Soft Skills,no,80.0,4.0,80.0,80.0,no,0.0
T00777,S0777,Blockchain,Soft Skills,No,80.0,6.0,80.0,21.0,Improvement,-59.0
T00778,S0778,Blockchain,Technical,no,80.0,5.0,94.0,80.0,no,-14.0
T00779,S0779,IoT Basics,Technical,No,80.0,3.0,96.0,80.0,no,-16.0
T00780,S0780,Web Development,no,No,73.0,5.0,80.0,80.0,Improvement,0.0
T00781,S0781,Python Programming,no,No,80.0,3.0,80.0,80.0,Improvement,0.0
T00782,S0782,Blockchain,Soft Skills,Yes,80.0,2.0,80.0,80.0,No Improvement,0.0
T00783,S0783,Cloud Computing,Technical,No,55.0,6.0,20.0,93.0,Improvement,73.0
T00784,S0784,Data Science,Soft Skills,No,80.0,6.0,80.0,13.0,Improvement,-67.0
T00785,S0785,Cybersecurity,Soft Skills,Yes,29.0,6.0,80.0,80.0,Improvement,0.0
T00786,S0786,no,Soft Skills,Yes,80.0,4.0,59.0,80.0,Improvement,21.0
T00787,S0787,Data Science,no,No,99.0,3.0,80.0,16.0,Improvement,-64.0
T00788,S0788,Web Development,Technical,No,45.0,3.0,80.0,80.0,no,0.0
T00789,S0789,Python Programming,no,Yes,80.0,4.0,80.0,80.0,Improvement,0.0
T00790,S0790,Cybersecurity,Technical,Yes,80.0,3.0,58.0,35.0,no,-23.0
T00791,S0791,Cybersecurity,no,Yes,80.0,3.0,80.0,80.0,Improvement,0.0
T00792,S0792,Web Development,no,Yes,80.0,3.0,80.0,80.0,Improvement,0.0
T00793,S0793,Leadership,Soft Skills,Yes,80.0,6.0,75.0,80.0,No Improvement,5.0
T00794,S0794,Data Science,Soft Skills,no,80.0,3.0,80.0,80.0,no,0.0
T00795,S0795,Leadership,Soft Skills,no,80.0,6.0,80.0,80.0,no,0.0
T00796,S0796,Blockchain,Soft Skills,No,80.0,3.0,80.0,80.0,Improvement,0.0
T00797,S0797,IoT Basics,Soft Skills,No,80.0,3.0,80.0,80.0,No Improvement,0.0
T00798,S0798,Web Development,Technical,Yes,80.0,2.0,80.0,72.0,no,-8.0
T00799,S0799,DevOps,no,no,80.0,2.0,80.0,80.0,Improvement,0.0
T00800,S0800,DevOps,Technical,No,90.0,6.0,80.0,80.0,Improvement,0.0
T00801,S0801,no,no,no,80.0,3.0,80.0,80.0,Improvement,0.0
T00802,S0802,Web Development,Soft Skills,No,80.0,4.0,80.0,18.0,No Improvement,-62.0
T00803,S0803,Web Development,Technical,Yes,80.0,3.0,80.0,80.0,Improvement,0.0
T00804,S0804,no,Technical,Yes,80.0,6.0,80.0,80.0,Improvement,0.0
T00805,S0805,AI Fundamentals,no,No,82.0,3.0,80.0,80.0,no,0.0
T00806,S0806,Cybersecurity,Soft Skills,Yes,80.0,6.0,80.0,80.0,No Improvement,0.0
T00807,S0807,Cloud Computing,no,No,80.0,3.0,80.0,80.0,no,0.0
T00808,S0808,Communication Skills,Soft Skills,No,80.0,3.0,80.0,80.0,No Improvement,0.0
T00809,S0809,DevOps,Soft Skills,Yes,80.0,3.0,80.0,80.0,Improvement,0.0
T00810,S0810,IoT Basics,no,Yes,100.0,2.0,80.0,80.0,No Improvement,0.0
T00811,S0811,no,Technical,Yes,80.0,6.0,80.0,80.0,no,0.0
T00812,S0812,Cloud Computing,Technical,No,80.0,3.0,80.0,31.0,no,-49.0
T00813,S0813,IoT Basics,Technical,Yes,55.0,1.0,80.0,80.0,Improvement,0.0
T00814,S0814,AI Fundamentals,Soft Skills,Yes,80.0,3.0,100.0,80.0,no,-20.0
T00815,S0815,Cybersecurity,Technical,Yes,41.0,3.0,80.0,80.0,no,0.0
T00816,S0816,DevOps,Technical,Yes,80.0,3.0,80.0,80.0,Improvement,0.0
T00817,S0817,IoT Basics,Technical,Yes,80.0,1.0,80.0,80.0,no,0.0
T00818,S0818,Cybersecurity,no,No,80.0,6.0,80.0,80.0,Improvement,0.0
T00819,S0819,no,Technical,no,80.0,3.0,80.0,80.0,no,0.0
T00820,S0820,Cybersecurity,Technical,Yes,80.0,6.0,80.0,80.0,Improvement,0.0
T00821,S0821,IoT Basics,Soft Skills,Yes,80.0,6.0,80.0,80.0,Improvement,0.0
T00822,S0822,Data Science,Technical,Yes,80.0,6.0,80.0,97.0,no,17.0
T00823,S0823,AI Fundamentals,no,No,80.0,6.0,47.0,80.0,no,33.0
T00824,S0824,Communication Skills,no,No,80.0,3.0,80.0,80.0,no,0.0
T00825,S0825,DevOps,Soft Skills,No,80.0,1.0,80.0,4.0,Improvement,-76.0
T00826,S0826,DevOps,no,Yes,80.0,6.0,72.0,80.0,no,8.0
T00827,S0827,Web Development,Soft Skills,Yes,85.0,3.0,80.0,80.0,no,0.0
T00828,S0828,AI Fundamentals,Technical,Yes,80.0,3.0,28.0,38.0,No Improvement,10.0
T00829,S0829,DevOps,Technical,No,80.0,3.0,17.0,80.0,no,63.0
T00830,S0830,Cybersecurity,Technical,Yes,80.0,3.0,80.0,80.0,Improvement,0.0
T00831,S0831,no,no,No,80.0,6.0,80.0,80.0,no,0.0
T00832,S0832,Cloud Computing,Technical,Yes,80.0,3.0,80.0,80.0,No Improvement,0.0
T00833,S0833,Data Science,Soft Skills,Yes,80.0,3.0,80.0,80.0,No Improvement,0.0
T00834,S0834,Negotiation,Soft Skills,no,80.0,3.0,80.0,80.0,no,0.0
T00835,S0835,Cloud Computing,Soft Skills,Yes,80.0,3.0,80.0,80.0,No Improvement,0.0
T00836,S0836,Python Programming,Technical,no,3.0,5.0,80.0,80.0,no,0.0
T00837,S0837,Python Programming,no,Yes,80.0,6.0,74.0,80.0,Improvement,6.0
T00838,S0838,no,Technical,No,80.0,6.0,80.0,80.0,Improvement,0.0
T00839,S0839,Data Science,Technical,no,80.0,3.0,80.0,80.0,No Improvement,0.0
T00840,S0840,no,Soft Skills,No,30.0,6.0,80.0,80.0,No Improvement,0.0
T00841,S0841,DevOps,Soft Skills,Yes,80.0,5.0,25.0,86.0,no,61.0
T00842,S0842,Communication Skills,Technical,Yes,80.0,6.0,80.0,41.0,Improvement,-39.0
T00843,S0843,no,Technical,Yes,28.0,1.0,80.0,80.0,no,0.0
T00844,S0844,AI Fundamentals,Soft Skills,no,80.0,3.0,80.0,80.0,Improvement,0.0
T00845,S0845,Leadership,Soft Skills,Yes,80.0,3.0,65.0,80.0,no,15.0
T00846,S0846,AI Fundamentals,no,Yes,80.0,3.0,87.0,80.0,Improvement,-7.0
T00847,S0847,IoT Basics,Soft Skills,Yes,58.0,3.0,80.0,80.0,Improvement,0.0
T00848,S0848,no,Soft Skills,Yes,18.0,3.0,97.0,80.0,Improvement,-17.0
T00849,S0849,Blockchain,no,Yes,80.0,3.0,80.0,80.0,Improvement,0.0
T00850,S0850,Leadership,Technical,No,80.0,5.0,91.0,80.0,Improvement,-11.0
T00851,S0851,no,no,No,80.0,6.0,20.0,80.0,Improvement,60.0
T00852,S0852,Cybersecurity,no,Yes,80.0,3.0,80.0,88.0,Improvement,8.0
T00853,S0853,Cybersecurity,Technical,Yes,72.0,3.0,80.0,80.0,No Improvement,0.0
T00854,S0854,AI Fundamentals,Soft Skills,No,93.0,3.0,80.0,80.0,no,0.0
T00855,S0855,Blockchain,Soft Skills,Yes,77.0,3.0,80.0,80.0,no,0.0
T00856,S0856,Blockchain,Technical,No,83.0,1.0,80.0,80.0,Improvement,0.0
T00857,S0857,Blockchain,no,no,80.0,3.0,0.0,80.0,no,80.0
T00858,S0858,Negotiation,Technical,Yes,80.0,4.0,80.0,80.0,No Improvement,0.0
T00859,S0859,no,Soft Skills,No,80.0,3.0,80.0,80.0,No Improvement,0.0
T00860,S0860,AI Fundamentals,Soft Skills,Yes,90.0,6.0,80.0,80.0,Improvement,0.0
T00861,S0861,Blockchain,Technical,Yes,98.0,6.0,80.0,80.0,Improvement,0.0
T00862,S0862,Communication Skills,no,Yes,80.0,4.0,80.0,80.0,no,0.0
T00863,S0863,Data Science,Technical,No,80.0,3.0,52.0,76.0,no,24.0
T00864,S0864,IoT Basics,Soft Skills,no,17.0,4.0,49.0,80.0,no,31.0
T00865,S0865,Blockchain,no,Yes,84.0,3.0,3.0,87.0,no,84.0
T00866,S0866,IoT Basics,no,No,80.0,5.0,80.0,80.0,No Improvement,0.0
T00867,S0867,Blockchain,Technical,no,39.0,3.0,8.0,80.0,Improvement,72.0
T00868,S0868,Leadership,no,Yes,80.0,3.0,1.0,80.0,Improvement,79.0
T00869,S0869,Leadership,Soft Skills,No,80.0,3.0,80.0,80.0,Improvement,0.0
T00870,S0870,Cybersecurity,Technical,Yes,18.0,2.0,77.0,80.0,No Improvement,3.0
T00871,S0871,no,no,Yes,80.0,3.0,80.0,80.0,no,0.0
T00872,S0872,Communication Skills,Technical,no,57.0,3.0,80.0,80.0,Improvement,0.0
T00873,S0873,DevOps,Soft Skills,No,80.0,6.0,80.0,80.0,no,0.0
T00874,S0874,Blockchain,Soft Skills,Yes,80.0,3.0,80.0,80.0,no,0.0
T00875,S0875,Negotiation,Technical,No,94.0,3.0,80.0,29.0,no,-51.0
T00876,S0876,Leadership,Soft Skills,No,80.0,4.0,79.0,80.0,Improvement,1.0
T00877,S0877,IoT Basics,Technical,no,80.0,3.0,80.0,80.0,No Improvement,0.0
T00878,S0878,Negotiation,Technical,no,80.0,6.0,80.0,80.0,Improvement,0.0
T00879,S0879,Python Programming,Technical,Yes,80.0,5.0,80.0,80.0,No Improvement,0.0
T00880,S0880,Negotiation,Technical,Yes,31.0,5.0,80.0,54.0,no,-26.0
T00881,S0881,Cybersecurity,Soft Skills,No,39.0,6.0,80.0,80.0,Improvement,0.0
T00882,S0882,no,Soft Skills,Yes,80.0,3.0,80.0,80.0,no,0.0
T00883,S0883,AI Fundamentals,Technical,Yes,80.0,6.0,15.0,80.0,Improvement,65.0
T00884,S0884,Communication Skills,Technical,Yes,80.0,3.0,39.0,80.0,no,41.0
T00885,S0885,Communication Skills,Soft Skills,Yes,80.0,3.0,80.0,80.0,Improvement,0.0
T00886,S0886,IoT Basics,Soft Skills,No,80.0,3.0,80.0,80.0,Improvement,0.0
T00887,S0887,Data Science,Technical,Yes,80.0,6.0,80.0,80.0,no,0.0
T00888,S0888,IoT Basics,Technical,Yes,80.0,3.0,80.0,80.0,Improvement,0.0
T00889,S0889,Leadership,Soft Skills,Yes,80.0,3.0,80.0,2.0,Improvement,-78.0
T00890,S0890,Cloud Computing,Soft Skills,Yes,80.0,3.0,80.0,27.0,Improvement,-53.0
T00891,S0891,AI Fundamentals,Soft Skills,Yes,80.0,3.0,80.0,85.0,Improvement,5.0
T00892,S0892,Web Development,Technical,no,80.0,6.0,50.0,80.0,Improvement,30.0
T00893,S0893,Web Development,Soft Skills,no,80.0,3.0,80.0,90.0,No Improvement,10.0
T00894,S0894,Blockchain,Soft Skills,Yes,93.0,6.0,80.0,80.0,no,0.0
T00895,S0895,Cybersecurity,Technical,Yes,80.0,1.0,80.0,80.0,Improvement,0.0
T00896,S0896,Data Science,Soft Skills,Yes,80.0,3.0,80.0,80.0,Improvement,0.0
T00897,S0897,IoT Basics,Technical,Yes,80.0,3.0,80.0,80.0,no,0.0
T00898,S0898,Web Development,Technical,Yes,16.0,1.0,15.0,92.0,no,77.0
T00899,S0899,Cybersecurity,Technical,No,78.0,6.0,80.0,60.0,no,-20.0
T00900,S0900,Leadership,Technical,no,80.0,6.0,80.0,80.0,Improvement,0.0
T00901,S0901,Data Science,Technical,no,80.0,5.0,80.0,80.0,Improvement,0.0
T00902,S0902,IoT Basics,Technical,Yes,80.0,1.0,80.0,80.0,Improvement,0.0
T00903,S0903,IoT Basics,Soft Skills,No,80.0,3.0,71.0,2.0,No Improvement,-69.0
T00904,S0904,Cloud Computing,Soft Skills,no,80.0,6.0,74.0,51.0,no,-23.0
T00905,S0905,DevOps,Soft Skills,Yes,80.0,3.0,80.0,85.0,no,5.0
T00906,S0906,Leadership,no,no,17.0,6.0,80.0,80.0,Improvement,0.0
T00907,S0907,Negotiation,Technical,Yes,80.0,3.0,80.0,80.0,Improvement,0.0
T00908,S0908,Blockchain,Soft Skills,Yes,80.0,6.0,55.0,67.0,No Improvement,12.0
T00909,S0909,Data Science,Technical,Yes,80.0,6.0,38.0,70.0,no,32.0
T00910,S0910,no,Soft Skills,No,80.0,1.0,17.0,80.0,Improvement,63.0
T00911,S0911,Communication Skills,Technical,No,80.0,6.0,80.0,68.0,No Improvement,-12.0
T00912,S0912,Cloud Computing,Soft Skills,No,80.0,6.0,80.0,80.0,Improvement,0.0
T00913,S0913,no,Soft Skills,no,80.0,3.0,80.0,80.0,Improvement,0.0
T00914,S0914,Blockchain,no,Yes,80.0,3.0,80.0,95.0,no,15.0
T00915,S0915,Python Programming,Soft Skills,no,80.0,6.0,80.0,80.0,Improvement,0.0
T00916,S0916,Python Programming,no,Yes,80.0,3.0,80.0,80.0,Improvement,0.0
T00917,S0917,Negotiation,Technical,Yes,80.0,3.0,97.0,80.0,No Improvement,-17.0
T00918,S0918,Cloud Computing,Technical,no,80.0,3.0,80.0,80.0,Improvement,0.0
T00919,S0919,Leadership,Soft Skills,Yes,80.0,6.0,1.0,18.0,No Improvement,17.0
T00920,S0920,Cloud Computing,Technical,no,80.0,6.0,80.0,80.0,no,0.0
T00921,S0921,Data Science,Technical,No,90.0,3.0,79.0,80.0,no,1.0
T00922,S0922,Data Science,Soft Skills,No,80.0,6.0,90.0,80.0,Improvement,-10.0
T00923,S0923,Communication Skills,Soft Skills,No,80.0,6.0,80.0,4.0,no,-76.0
T00924,S0924,Data Science,no,No,80.0,6.0,80.0,80.0,no,0.0
T00925,S0925,Communication Skills,no,Yes,80.0,3.0,80.0,80.0,Improvement,0.0
T00926,S0926,Web Development,Technical,Yes,80.0,6.0,82.0,80.0,No Improvement,-2.0
T00927,S0927,Cybersecurity,Soft Skills,No,22.0,3.0,80.0,80.0,Improvement,0.0
T00928,S0928,Leadership,no,Yes,51.0,6.0,80.0,80.0,No Improvement,0.0
T00929,S0929,IoT Basics,Soft Skills,Yes,80.0,6.0,80.0,80.0,no,0.0
T00930,S0930,Web Development,Technical,No,40.0,3.0,94.0,32.0,No Improvement,-62.0
T00931,S0931,Leadership,Technical,No,26.0,3.0,80.0,100.0,no,20.0
T00932,S0932,Data Science,Soft Skills,No,2.0,3.0,80.0,80.0,Improvement,0.0
T00933,S0933,AI Fundamentals,no,Yes,80.0,3.0,80.0,80.0,no,0.0
T00934,S0934,Data Science,no,No,80.0,5.0,80.0,80.0,No Improvement,0.0
T00935,S0935,Communication Skills,Soft Skills,No,80.0,3.0,80.0,80.0,No Improvement,0.0
T00936,S0936,Web Development,Technical,Yes,80.0,3.0,80.0,80.0,no,0.0
T00937,S0937,Blockchain,no,No,80.0,6.0,45.0,80.0,Improvement,35.0
T00938,S0938,no,no,No,5.0,3.0,20.0,80.0,Improvement,60.0
T00939,S0939,Data Science,no,No,80.0,3.0,17.0,80.0,Improvement,63.0
T00940,S0940,Data Science,Soft Skills,No,80.0,4.0,20.0,80.0,no,60.0
T00941,S0941,Data Science,Soft Skills,Yes,80.0,3.0,80.0,80.0,no,0.0
T00942,S0942,IoT Basics,Technical,Yes,80.0,3.0,80.0,80.0,Improvement,0.0
T00943,S0943,IoT Basics,Soft Skills,Yes,80.0,6.0,32.0,80.0,Improvement,48.0
T00944,S0944,Python Programming,Soft Skills,Yes,80.0,3.0,80.0,80.0,no,0.0
T00945,S0945,AI Fundamentals,Soft Skills,No,80.0,2.0,92.0,80.0,Improvement,-12.0
T00946,S0946,Leadership,Technical,Yes,80.0,3.0,80.0,80.0,no,0.0
T00947,S0947,Leadership,no,Yes,80.0,3.0,80.0,18.0,Improvement,-62.0
T00948,S0948,no,Technical,Yes,80.0,3.0,80.0,80.0,Improvement,0.0
T00949,S0949,IoT Basics,Technical,No,80.0,6.0,80.0,80.0,no,0.0
T00950,S0950,IoT Basics,Soft Skills,Yes,80.0,2.0,80.0,72.0,Improvement,-8.0
T00951,S0951,AI Fundamentals,Technical,no,80.0,3.0,80.0,80.0,no,0.0
T00952,S0952,Web Development,Technical,Yes,80.0,3.0,80.0,10.0,No Improvement,-70.0
T00953,S0953,Blockchain,Soft Skills,No,80.0,1.0,49.0,80.0,Improvement,31.0
T00954,S0954,DevOps,Soft Skills,Yes,80.0,6.0,80.0,80.0,no,0.0
T00955,S0955,Python Programming,Soft Skills,No,80.0,3.0,42.0,80.0,Improvement,38.0
T00956,S0956,IoT Basics,no,Yes,80.0,3.0,80.0,21.0,Improvement,-59.0
T00957,S0957,Leadership,Soft Skills,No,3.0,3.0,80.0,80.0,No Improvement,0.0
T00958,S0958,Python Programming,Soft Skills,No,80.0,3.0,80.0,80.0,Improvement,0.0
T00959,S0959,Web Development,Soft Skills,No,42.0,5.0,80.0,80.0,no,0.0
T00960,S0960,IoT Basics,no,no,80.0,3.0,80.0,55.0,Improvement,-25.0
T00961,S0961,DevOps,Soft Skills,Yes,80.0,5.0,80.0,80.0,Improvement,0.0
T00962,S0962,Python Programming,Technical,Yes,18.0,2.0,80.0,80.0,Improvement,0.0
T00963,S0963,AI Fundamentals,Soft Skills,no,64.0,3.0,80.0,20.0,Improvement,-60.0
T00964,S0964,Cybersecurity,Technical,No,80.0,3.0,80.0,89.0,No Improvement,9.0
T00965,S0965,Web Development,no,No,80.0,3.0,80.0,80.0,Improvement,0.0
T00966,S0966,Blockchain,no,no,80.0,3.0,80.0,80.0,Improvement,0.0
T00967,S0967,no,no,Yes,5.0,3.0,80.0,80.0,no,0.0
T00968,S0968,AI Fundamentals,Technical,no,49.0,3.0,9.0,80.0,Improvement,71.0
T00969,S0969,DevOps,no,No,80.0,2.0,80.0,80.0,no,0.0
T00970,S0970,DevOps,Soft Skills,No,80.0,3.0,80.0,53.0,no,-27.0
T00971,S0971,Python Programming,no,Yes,80.0,3.0,80.0,80.0,Improvement,0.0
T00972,S0972,Communication Skills,Soft Skills,Yes,80.0,3.0,80.0,80.0,Improvement,0.0
T00973,S0973,Data Science,Soft Skills,Yes,80.0,6.0,80.0,50.0,No Improvement,-30.0
T00974,S0974,Negotiation,Soft Skills,No,80.0,5.0,58.0,80.0,no,22.0
T00975,S0975,DevOps,Technical,Yes,3.0,3.0,80.0,80.0,no,0.0
T00976,S0976,Blockchain,Soft Skills,No,80.0,6.0,80.0,66.0,Improvement,-14.0
T00977,S0977,Python Programming,Technical,No,80.0,3.0,80.0,80.0,No Improvement,0.0
T00978,S0978,Communication Skills,no,no,80.0,3.0,80.0,42.0,no,-38.0
T00979,S0979,Communication Skills,Soft Skills,Yes,80.0,4.0,80.0,80.0,Improvement,0.0
T00980,S0980,Cybersecurity,no,Yes,80.0,3.0,43.0,80.0,no,37.0
T00981,S0981,DevOps,Soft Skills,Yes,87.0,3.0,80.0,82.0,Improvement,2.0
T00982,S0982,no,Soft Skills,Yes,80.0,3.0,80.0,80.0,Improvement,0.0
T00983,S0983,DevOps,no,Yes,80.0,6.0,80.0,80.0,no,0.0
T00984,S0984,Blockchain,no,no,64.0,6.0,80.0,80.0,no,0.0
T00985,S0985,no,Technical,Yes,34.0,3.0,80.0,80.0,no,0.0
T00986,S0986,AI Fundamentals,Technical,Yes,66.0,6.0,80.0,80.0,No Improvement,0.0
T00987,S0987,IoT Basics,no,Yes,80.0,2.0,80.0,44.0,Improvement,-36.0
T00988,S0988,DevOps,Technical,No,80.0,2.0,80.0,80.0,No Improvement,0.0
T00989,S0989,Web Development,Soft Skills,Yes,80.0,3.0,80.0,39.0,Improvement,-41.0
T00990,S0990,no,Technical,no,80.0,3.0,80.0,80.0,Improvement,0.0
T00991,S0991,Data Science,Soft Skills,Yes,32.0,4.0,80.0,80.0,No Improvement,0.0
T00992,S0992,Blockchain,Soft Skills,No,80.0,6.0,86.0,80.0,Improvement,-6.0
T00993,S0993,Data Science,Soft Skills,Yes,80.0,1.0,72.0,80.0,no,8.0
T00994,S0994,IoT Basics,Technical,no,80.0,1.0,80.0,80.0,No Improvement,0.0
T00995,S0995,AI Fundamentals,Soft Skills,No,80.0,3.0,80.0,80.0,No Improvement,0.0
T00996,S0996,Leadership,Technical,Yes,80.0,3.0,80.0,4.0,Improvement,-76.0
T00997,S0997,Data Science,Technical,Yes,80.0,3.0,80.0,68.0,No Improvement,-12.0
T00998,S0998,Communication Skills,Soft Skills,no,80.0,6.0,80.0,80.0,no,0.0
T00999,S0999,Communication Skills,no,no,80.0,5.0,28.0,80.0,no,52.0
T01000,S1000,DevOps,Soft Skills,No,80.0,3.0,80.0,14.0,No Improvement,-66.0
T01001,S1001,IoT Basics,Soft Skills,Yes,81.0,3.0,80.0,80.0,Improvement,0.0
T01002,S1002,AI Fundamentals,no,Yes,16.0,5.0,1.0,77.0,Improvement,76.0
T01003,S1003,Python Programming,Technical,Yes,80.0,3.0,69.0,80.0,Improvement,11.0
T01004,S1004,Cloud Computing,Soft Skills,No,88.0,6.0,80.0,80.0,no,0.0
T01005,S1005,Negotiation,Soft Skills,Yes,17.0,3.0,80.0,80.0,No Improvement,0.0
T01006,S1006,Web Development,Soft Skills,No,80.0,4.0,80.0,80.0,no,0.0
T01007,S1007,Communication Skills,Soft Skills,Yes,80.0,3.0,80.0,80.0,no,0.0
T01008,S1008,Communication Skills,Soft Skills,Yes,80.0,6.0,80.0,80.0,no,0.0
T01009,S1009,Cybersecurity,Soft Skills,Yes,80.0,6.0,80.0,55.0,Improvement,-25.0
T01010,S1010,Communication Skills,Soft Skills,No,80.0,2.0,80.0,80.0,No Improvement,0.0
T01011,S1011,Communication Skills,Technical,Yes,80.0,3.0,80.0,80.0,no,0.0
T01012,S1012,Communication Skills,Soft Skills,Yes,80.0,3.0,84.0,80.0,no,-4.0
T01013,S1013,Leadership,no,Yes,80.0,3.0,80.0,14.0,No Improvement,-66.0
T01014,S1014,Data Science,Technical,No,80.0,3.0,1.0,80.0,Improvement,79.0
T01015,S1015,Web Development,Technical,Yes,80.0,6.0,80.0,80.0,no,0.0
T01016,S1016,Python Programming,Technical,Yes,22.0,3.0,56.0,80.0,no,24.0
T01017,S1017,no,Technical,No,80.0,3.0,80.0,80.0,No Improvement,0.0
T01018,S1018,Python Programming,Technical,Yes,80.0,6.0,80.0,80.0,no,0.0
T01019,S1019,Web Development,Technical,Yes,80.0,3.0,80.0,80.0,No Improvement,0.0
T01020,S1020,Blockchain,Technical,Yes,80.0,3.0,80.0,80.0,no,0.0
T01021,S1021,Cybersecurity,Soft Skills,No,80.0,6.0,80.0,80.0,Improvement,0.0
T01022,S1022,Data Science,Technical,No,98.0,3.0,66.0,42.0,no,-24.0
T01023,S1023,AI Fundamentals,Soft Skills,Yes,80.0,3.0,80.0,76.0,no,-4.0
T01024,S1024,Web Development,Technical,Yes,50.0,2.0,11.0,80.0,no,69.0
T01025,S1025,Blockchain,Technical,no,40.0,6.0,80.0,80.0,no,0.0
T01026,S1026,Communication Skills,no,no,80.0,3.0,50.0,77.0,Improvement,27.0
T01027,S1027,Data Science,no,Yes,80.0,3.0,22.0,80.0,no,58.0
T01028,S1028,DevOps,no,Yes,80.0,3.0,80.0,80.0,Improvement,0.0
T01029,S1029,AI Fundamentals,Technical,No,80.0,6.0,80.0,51.0,Improvement,-29.0
T01030,S1030,Cloud Computing,no,no,37.0,6.0,80.0,35.0,Improvement,-45.0
T01031,S1031,Leadership,no,No,95.0,5.0,80.0,9.0,no,-71.0
T01032,S1032,Cybersecurity,no,Yes,80.0,3.0,80.0,89.0,Improvement,9.0
T01033,S1033,AI Fundamentals,no,Yes,80.0,3.0,80.0,80.0,no,0.0
T01034,S1034,AI Fundamentals,Technical,No,80.0,6.0,45.0,48.0,No Improvement,3.0
T01035,S1035,Python Programming,Technical,No,80.0,6.0,80.0,80.0,No Improvement,0.0
T01036,S1036,IoT Basics,Soft Skills,No,22.0,3.0,80.0,14.0,No Improvement,-66.0
T01037,S1037,Cybersecurity,no,Yes,80.0,5.0,80.0,28.0,no,-52.0
T01038,S1038,AI Fundamentals,Soft Skills,No,80.0,6.0,80.0,80.0,Improvement,0.0
T01039,S1039,Negotiation,Soft Skills,Yes,80.0,3.0,58.0,80.0,no,22.0
T01040,S1040,IoT Basics,Technical,Yes,80.0,1.0,80.0,80.0,no,0.0
T01041,S1041,DevOps,Technical,Yes,46.0,3.0,80.0,80.0,no,0.0
T01042,S1042,DevOps,Soft Skills,No,80.0,3.0,39.0,35.0,no,-4.0
T01043,S1043,no,Technical,No,80.0,3.0,80.0,80.0,no,0.0
T01044,S1044,Leadership,no,Yes,80.0,6.0,80.0,80.0,no,0.0
T01045,S1045,Data Science,Soft Skills,Yes,80.0,3.0,80.0,80.0,No Improvement,0.0
T01046,S1046,Negotiation,Technical,Yes,80.0,6.0,80.0,80.0,no,0.0
T01047,S1047,Negotiation,Soft Skills,Yes,80.0,3.0,80.0,27.0,no,-53.0
T01048,S1048,Cloud Computing,Technical,no,80.0,3.0,80.0,80.0,No Improvement,0.0
T01049,S1049,Negotiation,Soft Skills,Yes,80.0,3.0,33.0,80.0,Improvement,47.0
T01050,S1050,Blockchain,Technical,Yes,42.0,3.0,80.0,80.0,no,0.0
T01051,S1051,Python Programming,Soft Skills,Yes,80.0,3.0,80.0,67.0,no,-13.0
T01052,S1052,Communication Skills,Soft Skills,No,80.0,2.0,6.0,80.0,no,74.0
T01053,S1053,AI Fundamentals,Soft Skills,No,80.0,3.0,80.0,80.0,no,0.0
T01054,S1054,Leadership,Soft Skills,No,80.0,3.0,8.0,80.0,no,72.0
T01055,S1055,Data Science,Technical,Yes,80.0,6.0,80.0,80.0,Improvement,0.0
T01056,S1056,Web Development,no,Yes,80.0,3.0,47.0,80.0,Improvement,33.0
T01057,S1057,Negotiation,Technical,Yes,79.0,3.0,80.0,80.0,no,0.0
T01058,S1058,Python Programming,Technical,no,80.0,3.0,80.0,53.0,No Improvement,-27.0
T01059,S1059,Cloud Computing,Soft Skills,No,80.0,3.0,80.0,80.0,Improvement,0.0
T01060,S1060,no,no,No,80.0,3.0,80.0,80.0,no,0.0
T01061,S1061,Leadership,Soft Skills,No,80.0,4.0,80.0,80.0,no,0.0
T01062,S1062,Web Development,Soft Skills,no,80.0,3.0,80.0,63.0,No Improvement,-17.0
T01063,S1063,Negotiation,Technical,Yes,80.0,3.0,80.0,65.0,no,-15.0
T01064,S1064,Web Development,Technical,Yes,80.0,3.0,80.0,16.0,no,-64.0
T01065,S1065,DevOps,no,Yes,23.0,3.0,36.0,80.0,no,44.0
T01066,S1066,no,no,Yes,80.0,2.0,80.0,80.0,No Improvement,0.0
T01067,S1067,Cloud Computing,Soft Skills,Yes,80.0,3.0,80.0,80.0,no,0.0
T01068,S1068,Communication Skills,no,No,32.0,6.0,80.0,80.0,Improvement,0.0
T01069,S1069,AI Fundamentals,Soft Skills,Yes,75.0,3.0,80.0,64.0,No Improvement,-16.0
T01070,S1070,Python Programming,no,No,80.0,3.0,80.0,44.0,no,-36.0
T01071,S1071,Negotiation,Technical,No,80.0,3.0,80.0,80.0,Improvement,0.0
T01072,S1072,Cybersecurity,Soft Skills,Yes,80.0,4.0,80.0,93.0,no,13.0
T01073,S1073,AI Fundamentals,Soft Skills,Yes,80.0,3.0,80.0,80.0,no,0.0
T01074,S1074,Blockchain,Technical,No,12.0,3.0,80.0,80.0,no,0.0
T01075,S1075,Python Programming,no,Yes,80.0,6.0,80.0,80.0,no,0.0
T01076,S1076,Blockchain,Technical,No,80.0,3.0,80.0,80.0,Improvement,0.0
T01077,S1077,Negotiation,Soft Skills,Yes,80.0,3.0,80.0,80.0,Improvement,0.0
T01078,S1078,Blockchain,Soft Skills,Yes,80.0,3.0,61.0,80.0,Improvement,19.0
T01079,S1079,no,Soft Skills,No,33.0,3.0,80.0,80.0,no,0.0
T01080,S1080,AI Fundamentals,Technical,Yes,52.0,3.0,42.0,67.0,Improvement,25.0
T01081,S1081,IoT Basics,Soft Skills,Yes,77.0,3.0,80.0,52.0,no,-28.0
T01082,S1082,IoT Basics,no,No,80.0,6.0,80.0,80.0,Improvement,0.0
T01083,S1083,DevOps,Technical,Yes,80.0,3.0,80.0,80.0,no,0.0
T01084,S1084,Cloud Computing,Soft Skills,Yes,80.0,3.0,91.0,80.0,no,-11.0
T01085,S1085,Communication Skills,Soft Skills,Yes,80.0,3.0,83.0,80.0,Improvement,-3.0
T01086,S1086,AI Fundamentals,Soft Skills,Yes,80.0,3.0,80.0,80.0,no,0.0
T01087,S1087,Negotiation,Soft Skills,No,80.0,3.0,80.0,80.0,Improvement,0.0
T01088,S1088,Leadership,Soft Skills,no,64.0,3.0,80.0,80.0,no,0.0
T01089,S1089,AI Fundamentals,no,Yes,80.0,3.0,80.0,42.0,Improvement,-38.0
T01090,S1090,IoT Basics,Technical,Yes,12.0,6.0,80.0,80.0,Improvement,0.0
T01091,S1091,no,Soft Skills,Yes,80.0,6.0,80.0,80.0,Improvement,0.0
T01092,S1092,no,Technical,no,49.0,6.0,80.0,80.0,No Improvement,0.0
T01093,S1093,Cloud Computing,Soft Skills,no,80.0,3.0,80.0,80.0,No Improvement,0.0
T01094,S1094,AI Fundamentals,Soft Skills,Yes,24.0,3.0,80.0,80.0,No Improvement,0.0
T01095,S1095,DevOps,Technical,Yes,80.0,6.0,80.0,56.0,no,-24.0
T01096,S1096,Negotiation,Technical,Yes,80.0,1.0,43.0,44.0,no,1.0
T01097,S1097,AI Fundamentals,Technical,Yes,80.0,6.0,80.0,80.0,Improvement,0.0
T01098,S1098,Web Development,Soft Skills,no,7.0,3.0,37.0,80.0,Improvement,43.0
T01099,S1099,Data Science,Technical,No,80.0,3.0,80.0,80.0,no,0.0
T01100,S1100,DevOps,Soft Skills,Yes,79.0,3.0,40.0,80.0,no,40.0
T01101,S1101,Blockchain,Technical,Yes,80.0,3.0,80.0,80.0,No Improvement,0.0
T01102,S1102,Web Development,Technical,Yes,80.0,6.0,80.0,80.0,No Improvement,0.0
T01103,S1103,AI Fundamentals,no,No,80.0,2.0,80.0,80.0,No Improvement,0.0
T01104,S1104,Python Programming,Soft Skills,Yes,16.0,3.0,49.0,80.0,Improvement,31.0
T01105,S1105,AI Fundamentals,Technical,No,80.0,3.0,53.0,80.0,no,27.0
T01106,S1106,Leadership,Technical,Yes,11.0,3.0,43.0,80.0,Improvement,37.0
T01107,S1107,Python Programming,Technical,Yes,80.0,3.0,78.0,80.0,no,2.0
T01108,S1108,Blockchain,Technical,No,96.0,3.0,80.0,11.0,Improvement,-69.0
T01109,S1109,Data Science,Technical,No,80.0,5.0,80.0,80.0,Improvement,0.0
T01110,S1110,Python Programming,Technical,no,80.0,3.0,80.0,80.0,Improvement,0.0
T01111,S1111,Blockchain,no,Yes,80.0,3.0,80.0,80.0,no,0.0
T01112,S1112,Web Development,Soft Skills,Yes,80.0,3.0,54.0,96.0,no,42.0
T01113,S1113,Cloud Computing,no,No,80.0,6.0,91.0,37.0,no,-54.0
T01114,S1114,Web Development,Technical,no,80.0,5.0,28.0,54.0,Improvement,26.0
T01115,S1115,Blockchain,Technical,Yes,51.0,3.0,80.0,80.0,no,0.0
T01116,S1116,AI Fundamentals,Technical,Yes,1.0,3.0,78.0,32.0,no,-46.0
T01117,S1117,Negotiation,Soft Skills,no,89.0,3.0,80.0,80.0,No Improvement,0.0
T01118,S1118,Blockchain,Soft Skills,no,80.0,3.0,80.0,80.0,no,0.0
T01119,S1119,AI Fundamentals,Technical,No,80.0,3.0,80.0,80.0,Improvement,0.0
T01120,S1120,Blockchain,Soft Skills,Yes,80.0,3.0,80.0,80.0,Improvement,0.0
T01121,S1121,Negotiation,Soft Skills,No,87.0,2.0,80.0,72.0,Improvement,-8.0
T01122,S1122,Leadership,Technical,Yes,80.0,4.0,80.0,80.0,Improvement,0.0
T01123,S1123,Cloud Computing,Soft Skills,No,78.0,6.0,80.0,80.0,Improvement,0.0
T01124,S1124,Cybersecurity,no,No,43.0,6.0,80.0,8.0,Improvement,-72.0
T01125,S1125,AI Fundamentals,Technical,no,80.0,3.0,80.0,80.0,No Improvement,0.0
T01126,S1126,DevOps,Technical,Yes,80.0,4.0,21.0,79.0,Improvement,58.0
T01127,S1127,Cloud Computing,Soft Skills,No,80.0,6.0,80.0,80.0,Improvement,0.0
T01128,S1128,Cloud Computing,Soft Skills,No,80.0,6.0,80.0,80.0,No Improvement,0.0
T01129,S1129,Cybersecurity,Soft Skills,No,19.0,2.0,19.0,80.0,no,61.0
T01130,S1130,DevOps,Technical,No,80.0,3.0,19.0,80.0,no,61.0
T01131,S1131,Communication Skills,Technical,No,80.0,3.0,80.0,80.0,no,0.0
T01132,S1132,Leadership,no,Yes,80.0,3.0,80.0,80.0,No Improvement,0.0
T01133,S1133,Cloud Computing,Technical,Yes,55.0,4.0,80.0,80.0,no,0.0
T01134,S1134,Cybersecurity,no,Yes,80.0,3.0,35.0,80.0,Improvement,45.0
T01135,S1135,IoT Basics,no,Yes,80.0,6.0,80.0,80.0,Improvement,0.0
T01136,S1136,DevOps,Soft Skills,Yes,20.0,3.0,80.0,80.0,Improvement,0.0
T01137,S1137,Cloud Computing,no,Yes,89.0,3.0,80.0,80.0,no,0.0
T01138,S1138,Cybersecurity,Soft Skills,Yes,80.0,6.0,36.0,80.0,No Improvement,44.0
T01139,S1139,Blockchain,Soft Skills,No,80.0,6.0,80.0,80.0,Improvement,0.0
T01140,S1140,Blockchain,Technical,Yes,80.0,3.0,80.0,80.0,Improvement,0.0
T01141,S1141,Data Science,no,Yes,80.0,3.0,80.0,80.0,Improvement,0.0
T01142,S1142,Data Science,Soft Skills,No,80.0,3.0,64.0,80.0,no,16.0
T01143,S1143,Negotiation,Technical,No,80.0,4.0,80.0,80.0,Improvement,0.0
T01144,S1144,Cybersecurity,Technical,Yes,80.0,1.0,80.0,80.0,no,0.0
T01145,S1145,Blockchain,Soft Skills,No,80.0,3.0,80.0,14.0,no,-66.0
T01146,S1146,Communication Skills,no,Yes,80.0,3.0,80.0,39.0,No Improvement,-41.0
T01147,S1147,Data Science,Technical,Yes,80.0,3.0,16.0,80.0,No Improvement,64.0
T01148,S1148,Communication Skills,Technical,Yes,72.0,6.0,80.0,80.0,Improvement,0.0
T01149,S1149,Leadership,Soft Skills,No,80.0,6.0,9.0,39.0,No Improvement,30.0
T01150,S1150,Cloud Computing,no,Yes,80.0,1.0,80.0,80.0,Improvement,0.0
T01151,S1151,Python Programming,Technical,no,72.0,5.0,80.0,80.0,Improvement,0.0
T01152,S1152,IoT Basics,Soft Skills,Yes,80.0,1.0,80.0,82.0,Improvement,2.0
T01153,S1153,Blockchain,Soft Skills,No,80.0,3.0,80.0,80.0,no,0.0
T01154,S1154,AI Fundamentals,no,Yes,80.0,6.0,94.0,80.0,Improvement,-14.0
T01155,S1155,Cloud Computing,Soft Skills,No,80.0,6.0,80.0,36.0,No Improvement,-44.0
T01156,S1156,no,Soft Skills,Yes,80.0,3.0,80.0,80.0,no,0.0
T01157,S1157,IoT Basics,no,No,80.0,3.0,20.0,80.0,No Improvement,60.0
T01158,S1158,Data Science,Technical,No,30.0,3.0,80.0,80.0,No Improvement,0.0
T01159,S1159,Communication Skills,no,Yes,80.0,4.0,80.0,80.0,no,0.0
T01160,S1160,Negotiation,Soft Skills,No,80.0,5.0,80.0,80.0,no,0.0
T01161,S1161,Communication Skills,Soft Skills,no,80.0,2.0,92.0,80.0,no,-12.0
T01162,S1162,IoT Basics,Soft Skills,Yes,80.0,3.0,80.0,80.0,No Improvement,0.0
T01163,S1163,Leadership,Technical,Yes,80.0,5.0,80.0,4.0,no,-76.0
T01164,S1164,Leadership,Soft Skills,Yes,80.0,3.0,80.0,80.0,Improvement,0.0
T01165,S1165,Cybersecurity,no,Yes,80.0,6.0,80.0,80.0,No Improvement,0.0
T01166,S1166,Data Science,Technical,No,80.0,3.0,94.0,80.0,Improvement,-14.0
T01167,S1167,Blockchain,Technical,no,80.0,3.0,80.0,80.0,Improvement,0.0
T01168,S1168,Python Programming,Soft Skills,No,80.0,1.0,80.0,80.0,No Improvement,0.0
T01169,S1169,no,no,no,7.0,3.0,43.0,80.0,no,37.0
T01170,S1170,Web Development,Technical,no,80.0,3.0,80.0,80.0,Improvement,0.0
T01171,S1171,IoT Basics,Soft Skills,Yes,48.0,3.0,80.0,80.0,no,0.0
T01172,S1172,Cybersecurity,Soft Skills,No,80.0,3.0,82.0,80.0,No Improvement,-2.0
T01173,S1173,Blockchain,no,Yes,80.0,6.0,47.0,80.0,Improvement,33.0
T01174,S1174,Python Programming,Soft Skills,Yes,80.0,3.0,80.0,80.0,no,0.0
T01175,S1175,Negotiation,Technical,Yes,80.0,3.0,80.0,80.0,Improvement,0.0
T01176,S1176,Cybersecurity,no,No,90.0,3.0,80.0,80.0,no,0.0
T01177,S1177,AI Fundamentals,Technical,Yes,80.0,3.0,80.0,41.0,no,-39.0
T01178,S1178,Data Science,Technical,Yes,71.0,6.0,80.0,80.0,Improvement,0.0
T01179,S1179,Python Programming,Technical,Yes,44.0,3.0,26.0,93.0,no,67.0
T01180,S1180,Data Science,Technical,Yes,55.0,5.0,5.0,80.0,No Improvement,75.0
T01181,S1181,Negotiation,no,Yes,80.0,2.0,72.0,80.0,No Improvement,8.0
T01182,S1182,Python Programming,Technical,no,80.0,3.0,80.0,80.0,no,0.0
T01183,S1183,Communication Skills,Technical,Yes,80.0,3.0,80.0,92.0,Improvement,12.0
T01184,S1184,Data Science,Soft Skills,No,80.0,6.0,80.0,80.0,Improvement,0.0
T01185,S1185,Cybersecurity,Technical,Yes,80.0,6.0,98.0,80.0,Improvement,-18.0
T01186,S1186,no,no,no,80.0,3.0,43.0,80.0,Improvement,37.0
T01187,S1187,DevOps,Technical,Yes,80.0,3.0,80.0,23.0,no,-57.0
T01188,S1188,Data Science,no,no,80.0,3.0,80.0,80.0,Improvement,0.0
T01189,S1189,Cybersecurity,Soft Skills,Yes,80.0,1.0,80.0,89.0,no,9.0
T01190,S1190,IoT Basics,no,no,80.0,5.0,42.0,80.0,no,38.0
T01191,S1191,DevOps,Soft Skills,Yes,80.0,3.0,80.0,80.0,Improvement,0.0
T01192,S1192,Leadership,Technical,no,80.0,3.0,94.0,80.0,no,-14.0
T01193,S1193,Blockchain,Soft Skills,Yes,83.0,3.0,84.0,80.0,no,-4.0
T01194,S1194,Python Programming,Technical,No,80.0,3.0,80.0,80.0,Improvement,0.0
T01195,S1195,Communication Skills,Technical,no,80.0,6.0,80.0,80.0,no,0.0
T01196,S1196,IoT Basics,no,no,80.0,6.0,80.0,80.0,No Improvement,0.0
T01197,S1197,Python Programming,no,No,80.0,3.0,80.0,48.0,Improvement,-32.0
T01198,S1198,Negotiation,Technical,Yes,80.0,3.0,80.0,80.0,Improvement,0.0
T01199,S1199,no,Technical,No,80.0,6.0,80.0,80.0,Improvement,0.0
T01200,S1200,Leadership,Soft Skills,Yes,80.0,3.0,12.0,31.0,Improvement,19.0
T01201,S1201,AI Fundamentals,Technical,Yes,80.0,3.0,80.0,80.0,Improvement,0.0
T01202,S1202,no,Soft Skills,Yes,80.0,4.0,80.0,38.0,No Improvement,-42.0
T01203,S1203,Negotiation,Soft Skills,Yes,46.0,3.0,28.0,80.0,Improvement,52.0
T01204,S1204,Python Programming,no,No,80.0,6.0,80.0,93.0,Improvement,13.0
T01205,S1205,Python Programming,Soft Skills,No,61.0,6.0,19.0,80.0,Improvement,61.0
T01206,S1206,Python Programming,no,No,80.0,2.0,80.0,80.0,No Improvement,0.0
T01207,S1207,no,no,no,80.0,3.0,80.0,39.0,Improvement,-41.0
T01208,S1208,Cybersecurity,Soft Skills,No,80.0,6.0,80.0,80.0,Improvement,0.0
T01209,S1209,Cybersecurity,Technical,no,80.0,3.0,80.0,80.0,Improvement,0.0
T01210,S1210,Leadership,no,no,80.0,6.0,80.0,80.0,Improvement,0.0
T01211,S1211,Communication Skills,Technical,Yes,80.0,3.0,80.0,80.0,Improvement,0.0
T01212,S1212,Blockchain,no,Yes,44.0,3.0,80.0,80.0,Improvement,0.0
T01213,S1213,Web Development,Soft Skills,No,80.0,6.0,80.0,80.0,Improvement,0.0
T01214,S1214,Data Science,Soft Skills,No,80.0,3.0,80.0,80.0,No Improvement,0.0
T01215,S1215,Negotiation,Technical,no,23.0,3.0,80.0,80.0,no,0.0
T01216,S1216,Cybersecurity,Technical,no,80.0,3.0,95.0,80.0,Improvement,-15.0
T01217,S1217,Blockchain,no,Yes,80.0,5.0,80.0,80.0,Improvement,0.0
T01218,S1218,Cloud Computing,Technical,no,80.0,6.0,80.0,80.0,Improvement,0.0
T01219,S1219,no,no,No,80.0,6.0,20.0,80.0,Improvement,60.0
T01220,S1220,Communication Skills,Soft Skills,no,80.0,6.0,80.0,80.0,Improvement,0.0
T01221,S1221,Cybersecurity,Technical,No,80.0,3.0,78.0,80.0,no,2.0
T01222,S1222,Data Science,Soft Skills,no,2.0,5.0,80.0,80.0,no,0.0
T01223,S1223,AI Fundamentals,Soft Skills,No,80.0,6.0,80.0,80.0,No Improvement,0.0
T01224,S1224,Negotiation,Technical,Yes,80.0,3.0,91.0,80.0,Improvement,-11.0
T01225,S1225,AI Fundamentals,no,Yes,80.0,4.0,80.0,80.0,Improvement,0.0
T01226,S1226,Cybersecurity,Soft Skills,No,80.0,6.0,80.0,80.0,No Improvement,0.0
T01227,S1227,Python Programming,Soft Skills,No,72.0,3.0,80.0,20.0,Improvement,-60.0
T01228,S1228,Communication Skills,Soft Skills,no,80.0,4.0,2.0,82.0,no,80.0
T01229,S1229,Cloud Computing,no,Yes,80.0,3.0,32.0,80.0,Improvement,48.0
T01230,S1230,Web Development,no,no,80.0,6.0,80.0,80.0,Improvement,0.0
T01231,S1231,Cloud Computing,Soft Skills,Yes,80.0,6.0,80.0,80.0,no,0.0
T01232,S1232,Python Programming,Soft Skills,Yes,80.0,6.0,80.0,80.0,No Improvement,0.0
T01233,S1233,DevOps,Technical,Yes,10.0,3.0,80.0,80.0,Improvement,0.0
T01234,S1234,Blockchain,no,No,80.0,3.0,80.0,80.0,Improvement,0.0
T01235,S1235,AI Fundamentals,Soft Skills,No,80.0,2.0,80.0,80.0,no,0.0
T01236,S1236,Negotiation,Soft Skills,Yes,80.0,3.0,14.0,80.0,Improvement,66.0
T01237,S1237,Negotiation,Soft Skills,No,80.0,3.0,80.0,46.0,no,-34.0
T01238,S1238,Leadership,Soft Skills,No,80.0,3.0,1.0,80.0,Improvement,79.0
T01239,S1239,IoT Basics,Soft Skills,Yes,80.0,3.0,49.0,80.0,No Improvement,31.0
T01240,S1240,Negotiation,Soft Skills,Yes,80.0,3.0,80.0,80.0,no,0.0
T01241,S1241,IoT Basics,Soft Skills,Yes,10.0,3.0,79.0,80.0,no,1.0
T01242,S1242,Python Programming,Soft Skills,No,3.0,6.0,80.0,80.0,No Improvement,0.0
T01243,S1243,AI Fundamentals,Technical,No,80.0,5.0,80.0,14.0,Improvement,-66.0
T01244,S1244,Python Programming,Soft Skills,Yes,80.0,6.0,62.0,80.0,No Improvement,18.0
T01245,S1245,IoT Basics,no,no,80.0,6.0,80.0,80.0,No Improvement,0.0
T01246,S1246,IoT Basics,Soft Skills,Yes,80.0,3.0,80.0,80.0,no,0.0
T01247,S1247,Data Science,Technical,no,51.0,3.0,80.0,31.0,no,-49.0
T01248,S1248,Cybersecurity,Soft Skills,Yes,80.0,6.0,94.0,80.0,No Improvement,-14.0
T01249,S1249,Cloud Computing,no,No,80.0,3.0,80.0,71.0,No Improvement,-9.0
T01250,S1250,Cybersecurity,Technical,no,80.0,3.0,80.0,80.0,no,0.0
T01251,S1251,AI Fundamentals,Soft Skills,Yes,97.0,3.0,80.0,80.0,no,0.0
T01252,S1252,Web Development,Technical,No,80.0,3.0,80.0,80.0,Improvement,0.0
T01253,S1253,Python Programming,Soft Skills,no,80.0,2.0,80.0,80.0,no,0.0
T01254,S1254,no,Soft Skills,Yes,80.0,3.0,80.0,80.0,Improvement,0.0
T01255,S1255,DevOps,no,no,80.0,6.0,80.0,13.0,No Improvement,-67.0
T01256,S1256,Cybersecurity,no,Yes,80.0,3.0,80.0,80.0,Improvement,0.0
T01257,S1257,Web Development,Technical,Yes,80.0,3.0,80.0,80.0,Improvement,0.0
T01258,S1258,Cloud Computing,Soft Skills,Yes,20.0,2.0,80.0,80.0,No Improvement,0.0
T01259,S1259,Cybersecurity,Soft Skills,No,80.0,1.0,80.0,80.0,Improvement,0.0
T01260,S1260,Communication Skills,Technical,Yes,80.0,3.0,80.0,59.0,no,-21.0
T01261,S1261,Python Programming,Technical,Yes,80.0,3.0,75.0,80.0,Improvement,5.0
T01262,S1262,Communication Skills,Technical,Yes,80.0,3.0,7.0,80.0,Improvement,73.0
T01263,S1263,Blockchain,Soft Skills,Yes,80.0,2.0,27.0,80.0,Improvement,53.0
T01264,S1264,Negotiation,no,No,35.0,2.0,80.0,80.0,Improvement,0.0
T01265,S1265,Communication Skills,Technical,Yes,80.0,3.0,25.0,80.0,no,55.0
T01266,S1266,Blockchain,Technical,No,80.0,4.0,80.0,80.0,Improvement,0.0
T01267,S1267,Data Science,Soft Skills,Yes,80.0,3.0,80.0,79.0,no,-1.0
T01268,S1268,Web Development,Soft Skills,No,80.0,3.0,14.0,80.0,Improvement,66.0
T01269,S1269,Communication Skills,no,No,80.0,3.0,80.0,48.0,no,-32.0
T01270,S1270,DevOps,Technical,Yes,80.0,3.0,80.0,80.0,Improvement,0.0
T01271,S1271,Python Programming,Soft Skills,No,80.0,3.0,80.0,80.0,Improvement,0.0
T01272,S1272,AI Fundamentals,Technical,no,80.0,6.0,80.0,80.0,Improvement,0.0
T01273,S1273,Web Development,Soft Skills,Yes,80.0,6.0,80.0,80.0,Improvement,0.0
T01274,S1274,Blockchain,Technical,No,76.0,6.0,27.0,80.0,Improvement,53.0
T01275,S1275,IoT Basics,no,Yes,80.0,6.0,80.0,80.0,no,0.0
T01276,S1276,AI Fundamentals,Soft Skills,No,80.0,3.0,80.0,80.0,Improvement,0.0
T01277,S1277,Web Development,Soft Skills,Yes,80.0,3.0,46.0,29.0,no,-17.0
T01278,S1278,Cybersecurity,no,no,80.0,6.0,80.0,80.0,Improvement,0.0
T01279,S1279,Python Programming,Soft Skills,Yes,80.0,5.0,80.0,44.0,Improvement,-36.0
T01280,S1280,Blockchain,no,No,80.0,4.0,80.0,80.0,Improvement,0.0
T01281,S1281,no,Soft Skills,no,80.0,3.0,80.0,80.0,Improvement,0.0
T01282,S1282,Python Programming,Soft Skills,no,80.0,6.0,80.0,80.0,no,0.0
T01283,S1283,Data Science,Technical,No,80.0,6.0,80.0,80.0,no,0.0
T01284,S1284,Cloud Computing,no,Yes,80.0,4.0,80.0,80.0,Improvement,0.0
T01285,S1285,Python Programming,Soft Skills,Yes,80.0,3.0,84.0,80.0,no,-4.0
T01286,S1286,Cybersecurity,Soft Skills,Yes,80.0,1.0,80.0,80.0,Improvement,0.0
T01287,S1287,Python Programming,Soft Skills,No,80.0,3.0,80.0,80.0,Improvement,0.0
T01288,S1288,no,Soft Skills,No,80.0,2.0,80.0,80.0,no,0.0
T01289,S1289,Python Programming,no,Yes,80.0,3.0,80.0,86.0,Improvement,6.0
T01290,S1290,Leadership,no,No,80.0,3.0,80.0,80.0,no,0.0
T01291,S1291,Data Science,no,Yes,80.0,6.0,80.0,80.0,Improvement,0.0
T01292,S1292,Blockchain,Soft Skills,no,80.0,6.0,80.0,71.0,no,-9.0
T01293,S1293,no,no,Yes,80.0,6.0,80.0,18.0,Improvement,-62.0
T01294,S1294,Cybersecurity,Soft Skills,No,92.0,3.0,80.0,80.0,no,0.0
T01295,S1295,Leadership,Technical,Yes,27.0,2.0,75.0,80.0,no,5.0
T01296,S1296,Negotiation,Soft Skills,Yes,80.0,5.0,80.0,80.0,No Improvement,0.0
T01297,S1297,AI Fundamentals,no,No,80.0,2.0,80.0,80.0,No Improvement,0.0
T01298,S1298,IoT Basics,Soft Skills,Yes,80.0,4.0,80.0,80.0,no,0.0
T01299,S1299,Leadership,Soft Skills,Yes,30.0,6.0,92.0,80.0,Improvement,-12.0
T01300,S1300,Web Development,Soft Skills,Yes,80.0,5.0,80.0,80.0,Improvement,0.0
T01301,S1301,Communication Skills,no,Yes,80.0,3.0,80.0,80.0,Improvement,0.0
T01302,S1302,Data Science,Soft Skills,no,80.0,3.0,92.0,80.0,Improvement,-12.0
T01303,S1303,Web Development,Technical,No,80.0,2.0,80.0,80.0,no,0.0
T01304,S1304,Blockchain,Soft Skills,no,80.0,1.0,47.0,80.0,No Improvement,33.0
T01305,S1305,Python Programming,Soft Skills,no,6.0,6.0,80.0,55.0,no,-25.0
T01306,S1306,Web Development,Technical,No,35.0,6.0,80.0,80.0,No Improvement,0.0
T01307,S1307,DevOps,Technical,Yes,80.0,6.0,1.0,80.0,No Improvement,79.0
T01308,S1308,Web Development,Technical,Yes,80.0,3.0,80.0,80.0,Improvement,0.0
T01309,S1309,Communication Skills,Technical,Yes,80.0,3.0,80.0,15.0,no,-65.0
T01310,S1310,no,Soft Skills,Yes,52.0,6.0,30.0,77.0,No Improvement,47.0
T01311,S1311,DevOps,Technical,no,80.0,3.0,80.0,80.0,no,0.0
T01312,S1312,DevOps,Technical,Yes,72.0,3.0,80.0,80.0,no,0.0
T01313,S1313,IoT Basics,no,no,80.0,6.0,80.0,80.0,Improvement,0.0
T01314,S1314,Cybersecurity,Soft Skills,Yes,80.0,3.0,80.0,44.0,No Improvement,-36.0
T01315,S1315,no,Technical,Yes,80.0,3.0,80.0,80.0,Improvement,0.0
T01316,S1316,Leadership,Technical,no,80.0,3.0,80.0,13.0,No Improvement,-67.0
T01317,S1317,Cloud Computing,Soft Skills,No,80.0,6.0,53.0,80.0,no,27.0
T01318,S1318,Cybersecurity,Technical,No,65.0,1.0,80.0,80.0,no,0.0
T01319,S1319,Data Science,no,No,80.0,3.0,80.0,75.0,No Improvement,-5.0
T01320,S1320,Data Science,Technical,Yes,96.0,3.0,80.0,80.0,no,0.0
T01321,S1321,Communication Skills,Technical,No,80.0,3.0,80.0,80.0,No Improvement,0.0
T01322,S1322,no,no,No,80.0,2.0,39.0,80.0,no,41.0
T01323,S1323,DevOps,Soft Skills,No,80.0,6.0,80.0,46.0,Improvement,-34.0
T01324,S1324,Cloud Computing,no,No,80.0,3.0,80.0,80.0,no,0.0
T01325,S1325,no,Technical,Yes,26.0,3.0,92.0,80.0,Improvement,-12.0
T01326,S1326,Python Programming,Technical,no,41.0,1.0,80.0,80.0,Improvement,0.0
T01327,S1327,Cloud Computing,Soft Skills,No,80.0,6.0,80.0,80.0,Improvement,0.0
T01328,S1328,no,Technical,No,80.0,6.0,80.0,6.0,no,-74.0
T01329,S1329,Cloud Computing,no,No,80.0,1.0,100.0,44.0,No Improvement,-56.0
T01330,S1330,Data Science,Soft Skills,no,80.0,3.0,80.0,80.0,Improvement,0.0
T01331,S1331,no,Soft Skills,Yes,80.0,3.0,80.0,66.0,no,-14.0
T01332,S1332,IoT Basics,Soft Skills,Yes,80.0,3.0,80.0,80.0,Improvement,0.0
T01333,S1333,Cloud Computing,no,no,88.0,5.0,80.0,80.0,no,0.0
T01334,S1334,DevOps,Soft Skills,No,80.0,3.0,2.0,80.0,Improvement,78.0
T01335,S1335,Data Science,no,No,61.0,3.0,80.0,80.0,no,0.0
T01336,S1336,AI Fundamentals,Technical,Yes,88.0,5.0,80.0,80.0,Improvement,0.0
T01337,S1337,Communication Skills,no,Yes,80.0,3.0,80.0,80.0,no,0.0
T01338,S1338,Negotiation,no,No,80.0,4.0,80.0,80.0,no,0.0
T01339,S1339,Cybersecurity,Soft Skills,Yes,66.0,3.0,80.0,80.0,no,0.0
T01340,S1340,Communication Skills,Soft Skills,No,20.0,1.0,80.0,80.0,no,0.0
T01341,S1341,Communication Skills,no,Yes,80.0,6.0,80.0,80.0,Improvement,0.0
T01342,S1342,no,Soft Skills,Yes,80.0,3.0,80.0,38.0,no,-42.0
T01343,S1343,Cybersecurity,Technical,Yes,80.0,1.0,80.0,80.0,no,0.0
T01344,S1344,Blockchain,Soft Skills,no,80.0,3.0,80.0,97.0,Improvement,17.0
T01345,S1345,Blockchain,Soft Skills,Yes,80.0,6.0,80.0,26.0,Improvement,-54.0
T01346,S1346,Blockchain,Soft Skills,No,38.0,3.0,66.0,91.0,no,25.0
T01347,S1347,no,Soft Skills,Yes,80.0,3.0,80.0,80.0,Improvement,0.0
T01348,S1348,DevOps,no,Yes,23.0,3.0,80.0,80.0,no,0.0
T01349,S1349,Python Programming,Soft Skills,Yes,80.0,6.0,80.0,80.0,No Improvement,0.0
T01350,S1350,AI Fundamentals,Soft Skills,Yes,80.0,3.0,80.0,80.0,no,0.0
T01351,S1351,Communication Skills,Soft Skills,No,80.0,6.0,80.0,62.0,Improvement,-18.0
T01352,S1352,Blockchain,Technical,no,80.0,3.0,90.0,80.0,Improvement,-10.0
T01353,S1353,Web Development,Technical,Yes,80.0,5.0,80.0,80.0,Improvement,0.0
T01354,S1354,IoT Basics,Soft Skills,no,88.0,3.0,80.0,80.0,Improvement,0.0
T01355,S1355,Blockchain,Soft Skills,Yes,80.0,5.0,80.0,80.0,no,0.0
T01356,S1356,AI Fundamentals,Technical,No,33.0,6.0,80.0,80.0,no,0.0
T01357,S1357,Cloud Computing,Soft Skills,Yes,80.0,3.0,18.0,80.0,No Improvement,62.0
T01358,S1358,Data Science,Soft Skills,No,80.0,3.0,80.0,35.0,Improvement,-45.0
T01359,S1359,Negotiation,Technical,Yes,80.0,3.0,80.0,80.0,Improvement,0.0
T01360,S1360,Python Programming,Technical,No,80.0,6.0,80.0,80.0,Improvement,0.0
T01361,S1361,Negotiation,Technical,No,80.0,6.0,80.0,80.0,no,0.0
T01362,S1362,Leadership,Soft Skills,Yes,80.0,1.0,80.0,80.0,no,0.0
T01363,S1363,Cloud Computing,Soft Skills,No,80.0,6.0,80.0,80.0,no,0.0
T01364,S1364,IoT Basics,Technical,no,21.0,3.0,80.0,80.0,Improvement,0.0
T01365,S1365,Leadership,Technical,No,80.0,3.0,41.0,80.0,no,39.0
T01366,S1366,DevOps,Soft Skills,No,80.0,6.0,51.0,80.0,Improvement,29.0
T01367,S1367,Negotiation,Soft Skills,No,80.0,3.0,80.0,80.0,no,0.0
T01368,S1368,Leadership,Technical,No,80.0,3.0,80.0,80.0,no,0.0
T01369,S1369,Data Science,Technical,Yes,56.0,6.0,80.0,80.0,Improvement,0.0
T01370,S1370,Leadership,no,No,66.0,6.0,80.0,80.0,Improvement,0.0
T01371,S1371,Python Programming,Technical,Yes,77.0,3.0,80.0,19.0,Improvement,-61.0
T01372,S1372,Communication Skills,no,No,80.0,3.0,80.0,80.0,no,0.0
T01373,S1373,Web Development,Technical,no,80.0,4.0,80.0,51.0,Improvement,-29.0
T01374,S1374,Cybersecurity,no,No,80.0,3.0,80.0,80.0,Improvement,0.0
T01375,S1375,Python Programming,Technical,no,80.0,5.0,80.0,80.0,Improvement,0.0
T01376,S1376,Data Science,Soft Skills,Yes,80.0,6.0,80.0,52.0,No Improvement,-28.0
T01377,S1377,Data Science,Soft Skills,no,80.0,6.0,80.0,11.0,Improvement,-69.0
T01378,S1378,Communication Skills,Technical,No,94.0,5.0,80.0,80.0,no,0.0
T01379,S1379,Data Science,Soft Skills,no,61.0,5.0,80.0,41.0,Improvement,-39.0
T01380,S1380,Blockchain,Soft Skills,Yes,80.0,3.0,80.0,80.0,Improvement,0.0
T01381,S1381,DevOps,Soft Skills,Yes,80.0,3.0,80.0,80.0,Improvement,0.0
T01382,S1382,Communication Skills,Soft Skills,No,29.0,4.0,80.0,80.0,no,0.0
T01383,S1383,DevOps,Technical,Yes,80.0,3.0,80.0,80.0,no,0.0
T01384,S1384,Cloud Computing,Technical,Yes,80.0,3.0,80.0,80.0,Improvement,0.0
T01385,S1385,no,no,Yes,80.0,3.0,80.0,80.0,Improvement,0.0
T01386,S1386,Cloud Computing,Soft Skills,no,80.0,3.0,80.0,80.0,no,0.0
T01387,S1387,Negotiation,Soft Skills,Yes,80.0,3.0,80.0,80.0,No Improvement,0.0
T01388,S1388,Cybersecurity,Soft Skills,Yes,80.0,3.0,80.0,99.0,No Improvement,19.0
T01389,S1389,Data Science,Technical,Yes,80.0,3.0,80.0,79.0,no,-1.0
T01390,S1390,no,no,no,80.0,1.0,80.0,80.0,no,0.0
T01391,S1391,Cybersecurity,Technical,No,80.0,5.0,27.0,80.0,no,53.0
T01392,S1392,DevOps,Soft Skills,No,19.0,6.0,80.0,35.0,no,-45.0
T01393,S1393,IoT Basics,no,Yes,80.0,1.0,80.0,80.0,no,0.0
T01394,S1394,DevOps,Soft Skills,no,80.0,3.0,80.0,80.0,no,0.0
T01395,S1395,DevOps,Technical,no,80.0,3.0,80.0,30.0,Improvement,-50.0
T01396,S1396,Cloud Computing,Soft Skills,No,80.0,6.0,80.0,80.0,no,0.0
T01397,S1397,IoT Basics,no,No,80.0,6.0,80.0,71.0,no,-9.0
T01398,S1398,Web Development,Technical,No,25.0,3.0,80.0,80.0,Improvement,0.0
T01399,S1399,Blockchain,no,Yes,80.0,2.0,80.0,80.0,Improvement,0.0
T01400,S1400,Data Science,Soft Skills,Yes,80.0,5.0,80.0,80.0,Improvement,0.0
T01401,S1401,Leadership,Technical,Yes,10.0,5.0,80.0,80.0,no,0.0
T01402,S1402,Communication Skills,no,Yes,80.0,6.0,80.0,80.0,No Improvement,0.0
T01403,S1403,Negotiation,Technical,Yes,80.0,3.0,80.0,50.0,no,-30.0
T01404,S1404,Python Programming,Soft Skills,Yes,80.0,3.0,80.0,80.0,Improvement,0.0
T01405,S1405,no,Technical,Yes,80.0,4.0,41.0,80.0,no,39.0
T01406,S1406,IoT Basics,no,Yes,80.0,3.0,74.0,80.0,Improvement,6.0
T01407,S1407,Cybersecurity,Technical,Yes,89.0,3.0,80.0,53.0,Improvement,-27.0
T01408,S1408,Python Programming,Technical,No,80.0,6.0,80.0,80.0,no,0.0
T01409,S1409,Communication Skills,Technical,No,2.0,6.0,30.0,80.0,No Improvement,50.0
T01410,S1410,no,no,no,47.0,6.0,80.0,80.0,no,0.0
T01411,S1411,Negotiation,Technical,no,80.0,6.0,80.0,80.0,Improvement,0.0
T01412,S1412,Cloud Computing,Technical,Yes,80.0,3.0,19.0,80.0,No Improvement,61.0
T01413,S1413,Web Development,Soft Skills,Yes,80.0,6.0,80.0,80.0,no,0.0
T01414,S1414,Blockchain,Soft Skills,No,80.0,3.0,80.0,80.0,no,0.0
T01415,S1415,no,Soft Skills,Yes,80.0,3.0,80.0,80.0,no,0.0
T01416,S1416,Blockchain,Technical,no,80.0,5.0,80.0,80.0,no,0.0
T01417,S1417,Data Science,Soft Skills,no,80.0,1.0,80.0,80.0,no,0.0
T01418,S1418,Python Programming,Soft Skills,No,80.0,3.0,80.0,80.0,no,0.0
T01419,S1419,IoT Basics,Soft Skills,No,80.0,3.0,28.0,80.0,no,52.0
T01420,S1420,DevOps,Technical,No,80.0,6.0,80.0,80.0,No Improvement,0.0
T01421,S1421,Data Science,Technical,no,50.0,1.0,80.0,80.0,No Improvement,0.0
T01422,S1422,no,Technical,Yes,93.0,3.0,80.0,89.0,Improvement,9.0
T01423,S1423,Web Development,no,Yes,80.0,4.0,53.0,80.0,Improvement,27.0
T01424,S1424,Cloud Computing,Soft Skills,Yes,80.0,3.0,80.0,80.0,No Improvement,0.0
T01425,S1425,Blockchain,no,Yes,80.0,6.0,53.0,80.0,no,27.0
T01426,S1426,DevOps,Technical,No,80.0,6.0,45.0,99.0,no,54.0
T01427,S1427,Blockchain,Technical,Yes,80.0,1.0,80.0,84.0,no,4.0
T01428,S1428,Cloud Computing,Technical,Yes,80.0,3.0,80.0,80.0,no,0.0
T01429,S1429,Web Development,Technical,No,80.0,6.0,80.0,9.0,No Improvement,-71.0
T01430,S1430,Cloud Computing,Soft Skills,no,80.0,4.0,80.0,80.0,no,0.0
T01431,S1431,Cloud Computing,Soft Skills,Yes,57.0,3.0,80.0,80.0,Improvement,0.0
T01432,S1432,no,Soft Skills,Yes,80.0,4.0,80.0,80.0,Improvement,0.0
T01433,S1433,Blockchain,Technical,Yes,49.0,6.0,80.0,80.0,no,0.0
T01434,S1434,Communication Skills,Technical,No,82.0,6.0,79.0,80.0,Improvement,1.0
T01435,S1435,Cybersecurity,Soft Skills,Yes,80.0,6.0,80.0,80.0,Improvement,0.0
T01436,S1436,Blockchain,Soft Skills,Yes,3.0,4.0,80.0,35.0,no,-45.0
T01437,S1437,Leadership,no,no,80.0,4.0,27.0,80.0,Improvement,53.0
T01438,S1438,Cloud Computing,Soft Skills,No,80.0,6.0,80.0,82.0,no,2.0
T01439,S1439,Communication Skills,Soft Skills,Yes,80.0,3.0,80.0,80.0,no,0.0
T01440,S1440,Cloud Computing,Soft Skills,No,80.0,3.0,80.0,80.0,Improvement,0.0
T01441,S1441,Communication Skills,Soft Skills,Yes,80.0,6.0,74.0,80.0,no,6.0
T01442,S1442,DevOps,Soft Skills,Yes,80.0,1.0,80.0,80.0,no,0.0
T01443,S1443,Communication Skills,no,no,43.0,3.0,80.0,0.0,no,-80.0
T01444,S1444,Data Science,Soft Skills,Yes,80.0,6.0,56.0,80.0,no,24.0
T01445,S1445,Negotiation,Technical,No,80.0,1.0,80.0,80.0,Improvement,0.0
T01446,S1446,DevOps,Technical,no,60.0,3.0,80.0,44.0,Improvement,-36.0
T01447,S1447,Python Programming,Technical,Yes,36.0,3.0,80.0,80.0,Improvement,0.0
T01448,S1448,AI Fundamentals,no,Yes,80.0,3.0,80.0,55.0,No Improvement,-25.0
T01449,S1449,Negotiation,Technical,Yes,80.0,6.0,80.0,93.0,no,13.0
T01450,S1450,Web Development,Soft Skills,No,80.0,3.0,80.0,80.0,no,0.0
T01451,S1451,DevOps,Soft Skills,No,80.0,5.0,80.0,50.0,No Improvement,-30.0
T01452,S1452,Python Programming,Technical,Yes,80.0,4.0,80.0,39.0,No Improvement,-41.0
T01453,S1453,IoT Basics,Soft Skills,no,80.0,4.0,8.0,80.0,No Improvement,72.0
T01454,S1454,Leadership,Soft Skills,Yes,80.0,3.0,80.0,80.0,Improvement,0.0
T01455,S1455,Communication Skills,Technical,no,80.0,6.0,80.0,80.0,No Improvement,0.0
T01456,S1456,Leadership,Technical,Yes,80.0,3.0,23.0,80.0,Improvement,57.0
T01457,S1457,Web Development,Soft Skills,No,80.0,3.0,80.0,80.0,no,0.0
T01458,S1458,Cybersecurity,Technical,No,80.0,6.0,80.0,41.0,Improvement,-39.0
T01459,S1459,AI Fundamentals,no,Yes,80.0,3.0,80.0,80.0,No Improvement,0.0
T01460,S1460,Leadership,Technical,Yes,80.0,3.0,80.0,80.0,No Improvement,0.0
T01461,S1461,Communication Skills,Technical,Yes,94.0,3.0,80.0,80.0,Improvement,0.0
T01462,S1462,Python Programming,Technical,No,96.0,2.0,16.0,80.0,Improvement,64.0
T01463,S1463,IoT Basics,Technical,no,35.0,3.0,80.0,80.0,Improvement,0.0
T01464,S1464,Communication Skills,no,no,80.0,3.0,51.0,80.0,Improvement,29.0
T01465,S1465,IoT Basics,no,No,80.0,3.0,28.0,80.0,Improvement,52.0
T01466,S1466,Python Programming,Technical,Yes,60.0,6.0,56.0,80.0,no,24.0
T01467,S1467,no,Soft Skills,Yes,80.0,5.0,80.0,80.0,no,0.0
T01468,S1468,IoT Basics,Soft Skills,Yes,80.0,2.0,80.0,80.0,Improvement,0.0
T01469,S1469,Data Science,Technical,no,48.0,3.0,80.0,80.0,No Improvement,0.0
T01470,S1470,Blockchain,Technical,Yes,80.0,6.0,80.0,80.0,no,0.0
T01471,S1471,AI Fundamentals,Soft Skills,no,80.0,3.0,80.0,80.0,Improvement,0.0
T01472,S1472,Web Development,Soft Skills,No,80.0,3.0,80.0,80.0,no,0.0
T01473,S1473,Web Development,Soft Skills,Yes,80.0,3.0,80.0,1.0,No Improvement,-79.0
T01474,S1474,Communication Skills,Soft Skills,No,80.0,6.0,80.0,99.0,no,19.0
T01475,S1475,IoT Basics,no,Yes,100.0,3.0,80.0,80.0,No Improvement,0.0
T01476,S1476,Negotiation,Soft Skills,No,80.0,6.0,80.0,80.0,no,0.0
T01477,S1477,Leadership,Technical,no,80.0,3.0,90.0,80.0,No Improvement,-10.0
T01478,S1478,no,Soft Skills,Yes,80.0,1.0,81.0,80.0,Improvement,-1.0
T01479,S1479,DevOps,Technical,Yes,80.0,6.0,80.0,80.0,No Improvement,0.0
T01480,S1480,Cybersecurity,Technical,no,23.0,4.0,73.0,80.0,no,7.0
T01481,S1481,Cloud Computing,Soft Skills,No,84.0,3.0,80.0,80.0,Improvement,0.0
T01482,S1482,Cybersecurity,Soft Skills,Yes,80.0,6.0,80.0,98.0,no,18.0
T01483,S1483,DevOps,Technical,no,80.0,3.0,80.0,80.0,No Improvement,0.0
T01484,S1484,Data Science,Technical,no,80.0,3.0,80.0,80.0,No Improvement,0.0
T01485,S1485,Data Science,Technical,No,80.0,3.0,80.0,80.0,no,0.0
T01486,S1486,Python Programming,no,Yes,82.0,3.0,80.0,80.0,Improvement,0.0
T01487,S1487,Python Programming,Technical,Yes,80.0,1.0,80.0,23.0,no,-57.0
T01488,S1488,IoT Basics,Technical,Yes,80.0,3.0,80.0,80.0,Improvement,0.0
T01489,S1489,Blockchain,Technical,Yes,80.0,6.0,80.0,80.0,Improvement,0.0
T01490,S1490,Leadership,Technical,Yes,80.0,1.0,48.0,80.0,no,32.0
T01491,S1491,Leadership,Soft Skills,Yes,80.0,6.0,80.0,80.0,Improvement,0.0
T01492,S1492,Cybersecurity,Soft Skills,Yes,80.0,3.0,80.0,80.0,no,0.0
T01493,S1493,Data Science,no,No,65.0,4.0,80.0,80.0,Improvement,0.0
T01494,S1494,Negotiation,Soft Skills,Yes,80.0,1.0,80.0,80.0,Improvement,0.0
T01495,S1495,AI Fundamentals,Technical,No,31.0,3.0,26.0,80.0,Improvement,54.0
T01496,S1496,Cybersecurity,Soft Skills,Yes,69.0,3.0,80.0,80.0,Improvement,0.0
T01497,S1497,Cybersecurity,Soft Skills,Yes,22.0,3.0,80.0,82.0,No Improvement,2.0
T01498,S1498,Data Science,Soft Skills,No,80.0,6.0,80.0,80.0,Improvement,0.0
T01499,S1499,Python Programming,Technical,no,80.0,3.0,47.0,80.0,no,33.0
T01500,S1500,IoT Basics,Technical,Yes,80.0,6.0,85.0,80.0,Improvement,-5.0
T01501,S1501,Negotiation,Soft Skills,No,80.0,4.0,80.0,80.0,no,0.0
T01502,S1502,IoT Basics,Technical,Yes,80.0,1.0,80.0,80.0,no,0.0
T01503,S1503,Blockchain,Soft Skills,No,80.0,3.0,80.0,80.0,Improvement,0.0
T01504,S1504,no,Technical,No,66.0,3.0,80.0,80.0,no,0.0
T01505,S1505,IoT Basics,Technical,no,80.0,6.0,80.0,80.0,No Improvement,0.0
T01506,S1506,DevOps,no,Yes,80.0,3.0,80.0,80.0,Improvement,0.0
T01507,S1507,IoT Basics,no,No,80.0,3.0,80.0,80.0,Improvement,0.0
T01508,S1508,Web Development,Technical,No,80.0,6.0,58.0,80.0,no,22.0
T01509,S1509,Leadership,Technical,No,80.0,3.0,54.0,35.0,Improvement,-19.0
T01510,S1510,Cybersecurity,Technical,Yes,80.0,3.0,80.0,80.0,Improvement,0.0
T01511,S1511,Web Development,Technical,Yes,80.0,3.0,80.0,82.0,Improvement,2.0
T01512,S1512,Web Development,Technical,no,80.0,3.0,80.0,72.0,no,-8.0
T01513,S1513,Data Science,Soft Skills,no,80.0,4.0,80.0,80.0,No Improvement,0.0
T01514,S1514,Cybersecurity,Soft Skills,No,15.0,6.0,80.0,16.0,Improvement,-64.0
T01515,S1515,IoT Basics,Technical,No,80.0,3.0,80.0,80.0,Improvement,0.0
T01516,S1516,Python Programming,no,Yes,80.0,3.0,80.0,80.0,Improvement,0.0
T01517,S1517,Cloud Computing,Technical,Yes,80.0,3.0,80.0,90.0,no,10.0
T01518,S1518,Data Science,Technical,Yes,50.0,3.0,80.0,52.0,Improvement,-28.0
T01519,S1519,Python Programming,Soft Skills,no,80.0,6.0,80.0,80.0,No Improvement,0.0
T01520,S1520,Cloud Computing,no,No,80.0,3.0,80.0,80.0,Improvement,0.0
T01521,S1521,DevOps,Soft Skills,Yes,47.0,2.0,80.0,80.0,Improvement,0.0
T01522,S1522,Data Science,no,Yes,80.0,3.0,80.0,80.0,Improvement,0.0
T01523,S1523,AI Fundamentals,Technical,No,80.0,6.0,80.0,80.0,no,0.0
T01524,S1524,IoT Basics,Soft Skills,No,80.0,3.0,80.0,80.0,no,0.0
T01525,S1525,Leadership,no,no,40.0,3.0,35.0,80.0,no,45.0
T01526,S1526,Cybersecurity,Technical,No,73.0,2.0,80.0,41.0,no,-39.0
T01527,S1527,Communication Skills,Technical,No,80.0,6.0,80.0,80.0,no,0.0
T01528,S1528,Python Programming,Technical,Yes,80.0,6.0,80.0,80.0,Improvement,0.0
T01529,S1529,DevOps,Technical,No,80.0,6.0,80.0,21.0,no,-59.0
T01530,S1530,IoT Basics,Soft Skills,No,80.0,6.0,80.0,80.0,no,0.0
T01531,S1531,Cybersecurity,Technical,Yes,49.0,3.0,80.0,80.0,no,0.0
T01532,S1532,Web Development,Soft Skills,Yes,80.0,1.0,80.0,80.0,Improvement,0.0
T01533,S1533,Blockchain,Soft Skills,Yes,90.0,3.0,80.0,80.0,no,0.0
T01534,S1534,AI Fundamentals,Technical,no,80.0,4.0,80.0,80.0,No Improvement,0.0
T01535,S1535,Cloud Computing,Technical,Yes,89.0,3.0,80.0,60.0,Improvement,-20.0
T01536,S1536,AI Fundamentals,Technical,No,80.0,2.0,12.0,80.0,no,68.0
T01537,S1537,Cloud Computing,no,No,80.0,3.0,80.0,80.0,no,0.0
T01538,S1538,no,Technical,Yes,80.0,2.0,80.0,80.0,No Improvement,0.0
T01539,S1539,DevOps,Technical,Yes,80.0,3.0,22.0,80.0,Improvement,58.0
T01540,S1540,Communication Skills,no,No,80.0,3.0,80.0,30.0,No Improvement,-50.0
T01541,S1541,AI Fundamentals,Technical,No,97.0,6.0,75.0,80.0,no,5.0
T01542,S1542,Blockchain,Soft Skills,no,92.0,6.0,80.0,80.0,no,0.0
T01543,S1543,Python Programming,Soft Skills,no,80.0,3.0,80.0,37.0,no,-43.0
T01544,S1544,Data Science,Technical,no,80.0,3.0,80.0,80.0,no,0.0
T01545,S1545,Leadership,Technical,No,13.0,3.0,80.0,80.0,Improvement,0.0
T01546,S1546,IoT Basics,Soft Skills,Yes,80.0,3.0,80.0,50.0,no,-30.0
T01547,S1547,Negotiation,Technical,Yes,80.0,6.0,80.0,83.0,no,3.0
T01548,S1548,Negotiation,Technical,no,80.0,3.0,80.0,80.0,no,0.0
T01549,S1549,AI Fundamentals,Soft Skills,Yes,80.0,6.0,81.0,80.0,No Improvement,-1.0
T01550,S1550,Python Programming,Technical,Yes,80.0,3.0,80.0,80.0,No Improvement,0.0
T01551,S1551,Web Development,Technical,Yes,80.0,6.0,80.0,80.0,No Improvement,0.0
T01552,S1552,Web Development,Soft Skills,Yes,80.0,1.0,96.0,80.0,no,-16.0
T01553,S1553,DevOps,Technical,No,80.0,3.0,80.0,80.0,No Improvement,0.0
T01554,S1554,IoT Basics,Technical,Yes,80.0,3.0,80.0,80.0,no,0.0
T01555,S1555,Blockchain,Soft Skills,No,80.0,6.0,80.0,83.0,Improvement,3.0
T01556,S1556,Leadership,Soft Skills,Yes,80.0,3.0,80.0,80.0,No Improvement,0.0
T01557,S1557,Communication Skills,Technical,No,59.0,4.0,43.0,80.0,no,37.0
T01558,S1558,Data Science,Technical,No,76.0,6.0,80.0,80.0,Improvement,0.0
T01559,S1559,Leadership,Technical,Yes,79.0,6.0,80.0,80.0,Improvement,0.0
T01560,S1560,DevOps,no,Yes,80.0,6.0,80.0,84.0,no,4.0
T01561,S1561,Leadership,Technical,Yes,80.0,3.0,80.0,80.0,no,0.0
T01562,S1562,no,Soft Skills,No,80.0,3.0,80.0,80.0,Improvement,0.0
T01563,S1563,Python Programming,Soft Skills,no,80.0,2.0,80.0,80.0,Improvement,0.0
T01564,S1564,IoT Basics,no,No,80.0,3.0,80.0,80.0,Improvement,0.0
T01565,S1565,Negotiation,Technical,No,80.0,3.0,80.0,80.0,no,0.0
T01566,S1566,Cloud Computing,no,No,80.0,3.0,80.0,80.0,Improvement,0.0
T01567,S1567,IoT Basics,Technical,no,80.0,5.0,25.0,99.0,Improvement,74.0
T01568,S1568,Communication Skills,Technical,no,80.0,3.0,80.0,62.0,no,-18.0
T01569,S1569,Negotiation,no,No,80.0,3.0,80.0,60.0,Improvement,-20.0
T01570,S1570,IoT Basics,Soft Skills,Yes,80.0,3.0,59.0,80.0,no,21.0
T01571,S1571,Leadership,Soft Skills,No,80.0,2.0,80.0,80.0,Improvement,0.0
T01572,S1572,Blockchain,Soft Skills,no,85.0,3.0,80.0,80.0,no,0.0
T01573,S1573,Data Science,Soft Skills,Yes,80.0,3.0,80.0,80.0,no,0.0
T01574,S1574,Data Science,Soft Skills,Yes,80.0,4.0,80.0,80.0,Improvement,0.0
T01575,S1575,IoT Basics,Technical,Yes,73.0,5.0,80.0,80.0,No Improvement,0.0
T01576,S1576,Blockchain,Soft Skills,Yes,100.0,3.0,27.0,80.0,Improvement,53.0
T01577,S1577,Negotiation,Soft Skills,No,80.0,3.0,80.0,80.0,no,0.0
T01578,S1578,Python Programming,Technical,Yes,80.0,4.0,80.0,89.0,Improvement,9.0
T01579,S1579,Blockchain,Soft Skills,Yes,80.0,3.0,31.0,96.0,no,65.0
T01580,S1580,Negotiation,Soft Skills,No,80.0,6.0,80.0,83.0,Improvement,3.0
T01581,S1581,DevOps,Soft Skills,Yes,80.0,3.0,80.0,80.0,no,0.0
T01582,S1582,Communication Skills,no,No,80.0,3.0,80.0,80.0,no,0.0
T01583,S1583,Cybersecurity,Technical,Yes,80.0,3.0,80.0,80.0,Improvement,0.0
T01584,S1584,Cybersecurity,Technical,Yes,80.0,1.0,80.0,80.0,Improvement,0.0
T01585,S1585,AI Fundamentals,Technical,No,80.0,3.0,80.0,80.0,no,0.0
T01586,S1586,no,Soft Skills,Yes,80.0,3.0,80.0,54.0,Improvement,-26.0
T01587,S1587,IoT Basics,no,No,59.0,3.0,80.0,80.0,Improvement,0.0
T01588,S1588,no,Technical,Yes,80.0,6.0,80.0,3.0,Improvement,-77.0
T01589,S1589,Data Science,Soft Skills,Yes,80.0,6.0,74.0,80.0,no,6.0
T01590,S1590,AI Fundamentals,Technical,Yes,80.0,3.0,7.0,80.0,Improvement,73.0
T01591,S1591,DevOps,Technical,Yes,26.0,3.0,80.0,80.0,no,0.0
T01592,S1592,Negotiation,Soft Skills,no,58.0,6.0,80.0,79.0,no,-1.0
T01593,S1593,Python Programming,Technical,Yes,80.0,5.0,80.0,80.0,Improvement,0.0
T01594,S1594,no,Technical,Yes,80.0,1.0,54.0,80.0,Improvement,26.0
T01595,S1595,no,Technical,No,80.0,3.0,21.0,80.0,Improvement,59.0
T01596,S1596,Web Development,Technical,Yes,80.0,3.0,80.0,80.0,Improvement,0.0
T01597,S1597,no,Technical,No,79.0,3.0,29.0,80.0,No Improvement,51.0
T01598,S1598,Negotiation,Soft Skills,No,80.0,3.0,80.0,7.0,Improvement,-73.0
T01599,S1599,no,Technical,No,80.0,3.0,80.0,80.0,No Improvement,0.0
T01600,S1600,Negotiation,Technical,Yes,80.0,6.0,80.0,32.0,Improvement,-48.0
T01601,S1601,Python Programming,Soft Skills,Yes,80.0,2.0,80.0,80.0,no,0.0
T01602,S1602,Python Programming,Technical,No,80.0,4.0,80.0,80.0,Improvement,0.0
T01603,S1603,IoT Basics,Technical,no,80.0,3.0,80.0,60.0,No Improvement,-20.0
T01604,S1604,Blockchain,no,No,80.0,6.0,80.0,80.0,no,0.0
T01605,S1605,Negotiation,Soft Skills,no,80.0,1.0,80.0,80.0,Improvement,0.0
T01606,S1606,Cloud Computing,Technical,No,80.0,6.0,80.0,80.0,Improvement,0.0
T01607,S1607,Web Development,no,No,80.0,2.0,80.0,80.0,Improvement,0.0
T01608,S1608,Communication Skills,Technical,No,80.0,3.0,76.0,80.0,Improvement,4.0
T01609,S1609,Leadership,no,Yes,80.0,3.0,80.0,63.0,No Improvement,-17.0
T01610,S1610,no,Technical,Yes,80.0,1.0,3.0,80.0,Improvement,77.0
T01611,S1611,IoT Basics,Technical,Yes,80.0,3.0,80.0,85.0,Improvement,5.0
T01612,S1612,no,Soft Skills,No,80.0,3.0,80.0,80.0,No Improvement,0.0
T01613,S1613,Cybersecurity,no,no,80.0,3.0,80.0,72.0,Improvement,-8.0
T01614,S1614,Communication Skills,no,Yes,80.0,3.0,80.0,80.0,no,0.0
T01615,S1615,IoT Basics,Soft Skills,Yes,80.0,3.0,80.0,80.0,no,0.0
T01616,S1616,Leadership,Technical,Yes,80.0,4.0,80.0,80.0,Improvement,0.0
T01617,S1617,Leadership,Soft Skills,Yes,65.0,3.0,80.0,80.0,no,0.0
T01618,S1618,Python Programming,Soft Skills,Yes,80.0,3.0,80.0,80.0,Improvement,0.0
T01619,S1619,Cybersecurity,Technical,no,80.0,3.0,80.0,30.0,no,-50.0
T01620,S1620,Web Development,Technical,Yes,38.0,3.0,93.0,80.0,Improvement,-13.0
T01621,S1621,Python Programming,Soft Skills,Yes,80.0,3.0,80.0,80.0,Improvement,0.0
T01622,S1622,Cybersecurity,Soft Skills,no,80.0,3.0,80.0,80.0,no,0.0
T01623,S1623,Negotiation,Technical,No,80.0,3.0,21.0,80.0,Improvement,59.0
T01624,S1624,Negotiation,Soft Skills,Yes,80.0,3.0,80.0,80.0,no,0.0
T01625,S1625,Cloud Computing,no,Yes,80.0,6.0,80.0,80.0,no,0.0
T01626,S1626,IoT Basics,Soft Skills,No,80.0,3.0,68.0,80.0,no,12.0
T01627,S1627,Communication Skills,Soft Skills,No,90.0,3.0,80.0,80.0,No Improvement,0.0
T01628,S1628,Python Programming,Technical,Yes,80.0,5.0,80.0,80.0,No Improvement,0.0
T01629,S1629,IoT Basics,Soft Skills,Yes,80.0,2.0,87.0,17.0,no,-70.0
T01630,S1630,AI Fundamentals,Technical,Yes,80.0,1.0,80.0,53.0,no,-27.0
T01631,S1631,Python Programming,no,Yes,80.0,3.0,80.0,80.0,Improvement,0.0
T01632,S1632,Web Development,Soft Skills,No,30.0,6.0,80.0,80.0,Improvement,0.0
T01633,S1633,Cloud Computing,no,No,80.0,3.0,80.0,80.0,no,0.0
T01634,S1634,Cloud Computing,Technical,Yes,80.0,6.0,80.0,80.0,Improvement,0.0
T01635,S1635,DevOps,Technical,Yes,53.0,3.0,80.0,80.0,no,0.0
T01636,S1636,no,Technical,No,80.0,6.0,80.0,80.0,no,0.0
T01637,S1637,Blockchain,Soft Skills,Yes,80.0,3.0,80.0,80.0,Improvement,0.0
T01638,S1638,Cybersecurity,no,Yes,80.0,3.0,80.0,80.0,No Improvement,0.0
T01639,S1639,Leadership,Technical,Yes,80.0,1.0,80.0,65.0,Improvement,-15.0
T01640,S1640,Blockchain,Technical,Yes,64.0,3.0,32.0,88.0,no,56.0
T01641,S1641,IoT Basics,no,no,80.0,6.0,80.0,11.0,no,-69.0
T01642,S1642,Python Programming,Soft Skills,Yes,80.0,4.0,80.0,7.0,no,-73.0
T01643,S1643,Web Development,Soft Skills,Yes,80.0,6.0,80.0,80.0,no,0.0
T01644,S1644,Python Programming,no,Yes,80.0,3.0,96.0,80.0,no,-16.0
T01645,S1645,Cloud Computing,Technical,Yes,80.0,3.0,80.0,11.0,no,-69.0
T01646,S1646,no,Soft Skills,No,18.0,1.0,31.0,80.0,Improvement,49.0
T01647,S1647,Cloud Computing,Technical,No,80.0,3.0,77.0,80.0,Improvement,3.0
T01648,S1648,IoT Basics,no,no,80.0,2.0,56.0,80.0,no,24.0
T01649,S1649,Python Programming,Soft Skills,Yes,80.0,1.0,80.0,94.0,Improvement,14.0
T01650,S1650,Python Programming,Technical,Yes,80.0,6.0,80.0,80.0,No Improvement,0.0
T01651,S1651,Web Development,Technical,No,80.0,2.0,80.0,47.0,no,-33.0
T01652,S1652,IoT Basics,Technical,Yes,80.0,3.0,10.0,71.0,Improvement,61.0
T01653,S1653,Data Science,Soft Skills,Yes,49.0,6.0,80.0,25.0,no,-55.0
T01654,S1654,Web Development,Technical,no,80.0,1.0,34.0,80.0,no,46.0
T01655,S1655,Leadership,Technical,No,80.0,3.0,80.0,80.0,No Improvement,0.0
T01656,S1656,Cloud Computing,Technical,Yes,85.0,2.0,80.0,80.0,Improvement,0.0
T01657,S1657,IoT Basics,Soft Skills,no,80.0,3.0,80.0,80.0,Improvement,0.0
T01658,S1658,no,Technical,no,80.0,1.0,80.0,37.0,Improvement,-43.0
T01659,S1659,Communication Skills,Technical,no,80.0,6.0,80.0,80.0,no,0.0
T01660,S1660,AI Fundamentals,Technical,no,80.0,3.0,66.0,75.0,Improvement,9.0
T01661,S1661,Cloud Computing,Soft Skills,No,80.0,4.0,80.0,80.0,no,0.0
T01662,S1662,IoT Basics,Technical,No,80.0,3.0,80.0,80.0,Improvement,0.0
T01663,S1663,Blockchain,no,no,2.0,3.0,80.0,80.0,Improvement,0.0
T01664,S1664,Negotiation,Soft Skills,No,80.0,6.0,69.0,80.0,No Improvement,11.0
T01665,S1665,Blockchain,Technical,No,80.0,5.0,80.0,80.0,no,0.0
T01666,S1666,no,Soft Skills,Yes,19.0,3.0,80.0,80.0,no,0.0
T01667,S1667,Data Science,Technical,no,74.0,6.0,1.0,80.0,no,79.0
T01668,S1668,Data Science,Soft Skills,Yes,80.0,3.0,80.0,80.0,no,0.0
T01669,S1669,no,Technical,Yes,80.0,6.0,80.0,55.0,no,-25.0
T01670,S1670,Communication Skills,Technical,Yes,3.0,3.0,80.0,80.0,Improvement,0.0
T01671,S1671,no,Soft Skills,No,80.0,6.0,80.0,80.0,Improvement,0.0
T01672,S1672,no,Technical,Yes,29.0,1.0,80.0,80.0,no,0.0
T01673,S1673,Leadership,Soft Skills,Yes,80.0,6.0,80.0,80.0,no,0.0
T01674,S1674,Blockchain,Soft Skills,Yes,80.0,6.0,80.0,80.0,Improvement,0.0
T01675,S1675,Cybersecurity,Technical,Yes,24.0,3.0,80.0,25.0,No Improvement,-55.0
T01676,S1676,Negotiation,Soft Skills,No,80.0,6.0,80.0,4.0,no,-76.0
T01677,S1677,DevOps,Soft Skills,Yes,74.0,3.0,80.0,80.0,no,0.0
T01678,S1678,Web Development,Soft Skills,Yes,80.0,3.0,80.0,80.0,no,0.0
T01679,S1679,Cybersecurity,Technical,No,57.0,3.0,61.0,80.0,no,19.0
T01680,S1680,Communication Skills,Soft Skills,No,80.0,4.0,80.0,80.0,No Improvement,0.0
T01681,S1681,no,Technical,Yes,96.0,6.0,80.0,80.0,no,0.0
T01682,S1682,Cloud Computing,Soft Skills,Yes,83.0,6.0,80.0,80.0,no,0.0
T01683,S1683,Cloud Computing,Soft Skills,no,80.0,6.0,80.0,80.0,No Improvement,0.0
T01684,S1684,Data Science,Soft Skills,No,80.0,2.0,80.0,93.0,no,13.0
T01685,S1685,Cybersecurity,Soft Skills,no,80.0,3.0,80.0,80.0,no,0.0
T01686,S1686,Data Science,Technical,no,80.0,6.0,80.0,80.0,no,0.0
T01687,S1687,no,Technical,Yes,37.0,3.0,30.0,80.0,no,50.0
T01688,S1688,Negotiation,Technical,Yes,80.0,3.0,80.0,80.0,no,0.0
T01689,S1689,Python Programming,Technical,Yes,12.0,3.0,80.0,80.0,Improvement,0.0
T01690,S1690,AI Fundamentals,Technical,No,80.0,1.0,80.0,97.0,no,17.0
T01691,S1691,AI Fundamentals,no,Yes,45.0,5.0,80.0,51.0,Improvement,-29.0
T01692,S1692,no,Soft Skills,Yes,80.0,4.0,80.0,80.0,no,0.0
T01693,S1693,Cybersecurity,Technical,No,80.0,6.0,80.0,70.0,no,-10.0
T01694,S1694,Cloud Computing,Technical,no,80.0,6.0,80.0,80.0,Improvement,0.0
T01695,S1695,no,no,Yes,80.0,3.0,69.0,75.0,no,6.0
T01696,S1696,Blockchain,Soft Skills,no,80.0,4.0,80.0,80.0,Improvement,0.0
T01697,S1697,no,Soft Skills,Yes,57.0,3.0,80.0,80.0,no,0.0
T01698,S1698,Web Development,Soft Skills,Yes,41.0,6.0,80.0,98.0,Improvement,18.0
T01699,S1699,IoT Basics,Technical,Yes,80.0,6.0,65.0,80.0,No Improvement,15.0
T01700,S1700,Leadership,Soft Skills,no,80.0,6.0,80.0,80.0,No Improvement,0.0
T01701,S1701,Data Science,Soft Skills,Yes,80.0,3.0,80.0,80.0,Improvement,0.0
T01702,S1702,Negotiation,Soft Skills,Yes,80.0,6.0,80.0,80.0,no,0.0
T01703,S1703,no,Soft Skills,Yes,80.0,6.0,80.0,26.0,Improvement,-54.0
T01704,S1704,Negotiation,no,Yes,80.0,6.0,17.0,75.0,no,58.0
T01705,S1705,IoT Basics,Soft Skills,Yes,80.0,3.0,80.0,80.0,Improvement,0.0
T01706,S1706,Communication Skills,Technical,Yes,17.0,4.0,80.0,33.0,No Improvement,-47.0
T01707,S1707,Blockchain,Technical,Yes,80.0,3.0,11.0,80.0,Improvement,69.0
T01708,S1708,DevOps,Technical,Yes,57.0,2.0,80.0,11.0,no,-69.0
T01709,S1709,Cloud Computing,Soft Skills,Yes,80.0,4.0,80.0,80.0,no,0.0
T01710,S1710,AI Fundamentals,Soft Skills,No,77.0,3.0,61.0,80.0,no,19.0
T01711,S1711,Blockchain,Soft Skills,No,80.0,3.0,80.0,80.0,no,0.0
T01712,S1712,Python Programming,Soft Skills,Yes,80.0,6.0,80.0,80.0,no,0.0
T01713,S1713,Data Science,Soft Skills,No,80.0,6.0,80.0,80.0,Improvement,0.0
T01714,S1714,Communication Skills,Technical,Yes,80.0,6.0,80.0,80.0,no,0.0
T01715,S1715,IoT Basics,Technical,no,63.0,3.0,80.0,48.0,Improvement,-32.0
T01716,S1716,Cloud Computing,Soft Skills,Yes,80.0,3.0,14.0,80.0,No Improvement,66.0
T01717,S1717,Cloud Computing,Soft Skills,Yes,80.0,6.0,80.0,80.0,Improvement,0.0
T01718,S1718,DevOps,Soft Skills,Yes,80.0,3.0,80.0,80.0,no,0.0
T01719,S1719,no,no,Yes,80.0,3.0,80.0,80.0,No Improvement,0.0
T01720,S1720,DevOps,no,Yes,80.0,4.0,63.0,80.0,Improvement,17.0
T01721,S1721,no,Soft Skills,No,80.0,1.0,80.0,80.0,no,0.0
T01722,S1722,Blockchain,Soft Skills,Yes,80.0,3.0,80.0,80.0,No Improvement,0.0
T01723,S1723,IoT Basics,Technical,No,80.0,6.0,80.0,80.0,no,0.0
T01724,S1724,Web Development,no,Yes,80.0,3.0,16.0,80.0,no,64.0
T01725,S1725,Web Development,Soft Skills,No,78.0,4.0,80.0,80.0,no,0.0
T01726,S1726,Cybersecurity,Soft Skills,No,80.0,6.0,80.0,9.0,no,-71.0
T01727,S1727,Blockchain,Soft Skills,Yes,80.0,3.0,29.0,19.0,No Improvement,-10.0
T01728,S1728,Web Development,Technical,Yes,80.0,4.0,80.0,80.0,Improvement,0.0
T01729,S1729,Python Programming,no,No,80.0,3.0,80.0,5.0,No Improvement,-75.0
T01730,S1730,AI Fundamentals,no,No,80.0,1.0,88.0,80.0,No Improvement,-8.0
T01731,S1731,Python Programming,no,no,80.0,6.0,80.0,80.0,no,0.0
T01732,S1732,AI Fundamentals,Technical,No,80.0,3.0,34.0,80.0,no,46.0
T01733,S1733,no,Technical,Yes,80.0,1.0,80.0,80.0,no,0.0
T01734,S1734,AI Fundamentals,Soft Skills,no,80.0,2.0,80.0,85.0,no,5.0
T01735,S1735,Data Science,Technical,No,13.0,3.0,86.0,80.0,No Improvement,-6.0
T01736,S1736,Cybersecurity,no,Yes,23.0,3.0,33.0,80.0,no,47.0
T01737,S1737,Data Science,Soft Skills,No,80.0,5.0,37.0,80.0,Improvement,43.0
T01738,S1738,Blockchain,no,Yes,80.0,6.0,80.0,80.0,No Improvement,0.0
T01739,S1739,Cybersecurity,Technical,No,80.0,5.0,80.0,12.0,Improvement,-68.0
T01740,S1740,Blockchain,Technical,Yes,17.0,5.0,80.0,80.0,no,0.0
T01741,S1741,Negotiation,Soft Skills,Yes,77.0,1.0,33.0,80.0,no,47.0
T01742,S1742,Cybersecurity,Technical,Yes,56.0,3.0,80.0,80.0,no,0.0
T01743,S1743,Negotiation,Technical,no,80.0,3.0,80.0,80.0,no,0.0
T01744,S1744,DevOps,no,Yes,80.0,3.0,50.0,80.0,No Improvement,30.0
T01745,S1745,Leadership,Technical,Yes,80.0,3.0,80.0,80.0,Improvement,0.0
T01746,S1746,Negotiation,Technical,Yes,80.0,3.0,50.0,80.0,Improvement,30.0
T01747,S1747,DevOps,Soft Skills,no,80.0,3.0,80.0,80.0,no,0.0
T01748,S1748,Web Development,Technical,No,80.0,2.0,80.0,80.0,no,0.0
T01749,S1749,Python Programming,Soft Skills,Yes,80.0,6.0,70.0,80.0,no,10.0
T01750,S1750,AI Fundamentals,Soft Skills,Yes,80.0,3.0,80.0,42.0,Improvement,-38.0
T01751,S1751,Negotiation,Technical,Yes,80.0,3.0,80.0,80.0,no,0.0
T01752,S1752,no,no,Yes,80.0,3.0,17.0,80.0,no,63.0
T01753,S1753,Data Science,Technical,Yes,80.0,3.0,98.0,86.0,no,-12.0
T01754,S1754,no,Technical,Yes,26.0,6.0,80.0,68.0,no,-12.0
T01755,S1755,IoT Basics,Technical,Yes,80.0,6.0,80.0,80.0,no,0.0
T01756,S1756,DevOps,Soft Skills,No,80.0,4.0,19.0,86.0,No Improvement,67.0
T01757,S1757,Communication Skills,Technical,Yes,80.0,1.0,80.0,0.0,No Improvement,-80.0
T01758,S1758,Python Programming,Soft Skills,Yes,80.0,6.0,80.0,80.0,No Improvement,0.0
T01759,S1759,Data Science,Soft Skills,Yes,80.0,3.0,80.0,80.0,no,0.0
T01760,S1760,IoT Basics,Soft Skills,No,80.0,3.0,13.0,80.0,no,67.0
T01761,S1761,Python Programming,Soft Skills,No,80.0,5.0,80.0,80.0,Improvement,0.0
T01762,S1762,Cloud Computing,Soft Skills,No,80.0,6.0,80.0,22.0,no,-58.0
T01763,S1763,no,Soft Skills,no,80.0,6.0,80.0,80.0,no,0.0
T01764,S1764,Cloud Computing,Technical,Yes,80.0,3.0,80.0,91.0,no,11.0
T01765,S1765,Cybersecurity,Soft Skills,Yes,80.0,3.0,57.0,80.0,No Improvement,23.0
T01766,S1766,Cloud Computing,Soft Skills,no,80.0,3.0,80.0,80.0,Improvement,0.0
T01767,S1767,Python Programming,Technical,Yes,80.0,6.0,80.0,80.0,Improvement,0.0
T01768,S1768,Leadership,Soft Skills,no,80.0,3.0,80.0,80.0,No Improvement,0.0
T01769,S1769,Web Development,no,No,40.0,3.0,80.0,80.0,Improvement,0.0
T01770,S1770,IoT Basics,Technical,Yes,93.0,2.0,27.0,36.0,Improvement,9.0
T01771,S1771,Web Development,Technical,No,80.0,6.0,72.0,80.0,Improvement,8.0
T01772,S1772,Communication Skills,Soft Skills,Yes,65.0,3.0,58.0,80.0,no,22.0
T01773,S1773,Negotiation,Technical,Yes,80.0,6.0,80.0,52.0,Improvement,-28.0
T01774,S1774,Blockchain,Technical,No,80.0,6.0,2.0,80.0,no,78.0
T01775,S1775,Python Programming,Technical,Yes,80.0,4.0,34.0,80.0,Improvement,46.0
T01776,S1776,Web Development,Soft Skills,Yes,82.0,3.0,49.0,80.0,no,31.0
T01777,S1777,DevOps,Soft Skills,Yes,80.0,3.0,80.0,57.0,no,-23.0
T01778,S1778,Python Programming,Technical,Yes,80.0,3.0,80.0,80.0,no,0.0
T01779,S1779,AI Fundamentals,Soft Skills,Yes,80.0,6.0,80.0,80.0,Improvement,0.0
T01780,S1780,Leadership,Soft Skills,Yes,78.0,3.0,80.0,80.0,no,0.0
T01781,S1781,Python Programming,Technical,Yes,80.0,6.0,35.0,44.0,no,9.0
T01782,S1782,IoT Basics,Technical,Yes,36.0,3.0,80.0,80.0,Improvement,0.0
T01783,S1783,DevOps,Soft Skills,No,80.0,6.0,80.0,80.0,Improvement,0.0
T01784,S1784,Negotiation,Soft Skills,Yes,80.0,3.0,80.0,80.0,no,0.0
T01785,S1785,Blockchain,no,no,26.0,3.0,80.0,80.0,Improvement,0.0
T01786,S1786,Cybersecurity,Soft Skills,no,80.0,3.0,80.0,80.0,no,0.0
T01787,S1787,Web Development,no,Yes,80.0,3.0,80.0,80.0,No Improvement,0.0
T01788,S1788,IoT Basics,no,Yes,80.0,5.0,74.0,80.0,no,6.0
T01789,S1789,Leadership,Soft Skills,No,80.0,3.0,80.0,80.0,no,0.0
T01790,S1790,Python Programming,Soft Skills,Yes,80.0,3.0,80.0,80.0,Improvement,0.0
T01791,S1791,Cybersecurity,Technical,Yes,80.0,3.0,80.0,67.0,Improvement,-13.0
T01792,S1792,IoT Basics,Soft Skills,No,80.0,3.0,80.0,80.0,No Improvement,0.0
T01793,S1793,Negotiation,Soft Skills,Yes,80.0,5.0,80.0,41.0,no,-39.0
T01794,S1794,Web Development,Technical,Yes,80.0,3.0,80.0,80.0,Improvement,0.0
T01795,S1795,Cybersecurity,Soft Skills,no,80.0,3.0,80.0,36.0,no,-44.0
T01796,S1796,Python Programming,Technical,Yes,80.0,5.0,74.0,80.0,Improvement,6.0
T01797,S1797,Blockchain,Technical,No,80.0,3.0,85.0,38.0,Improvement,-47.0
T01798,S1798,Python Programming,Technical,Yes,80.0,3.0,80.0,80.0,no,0.0
T01799,S1799,Python Programming,Soft Skills,Yes,80.0,6.0,80.0,80.0,Improvement,0.0
T01800,S1800,Negotiation,Technical,No,70.0,5.0,80.0,80.0,Improvement,0.0
T01801,S1801,DevOps,Soft Skills,Yes,80.0,5.0,80.0,80.0,no,0.0
T01802,S1802,no,Soft Skills,No,80.0,5.0,80.0,80.0,Improvement,0.0
T01803,S1803,Data Science,Technical,no,80.0,6.0,80.0,37.0,Improvement,-43.0
T01804,S1804,Cloud Computing,Soft Skills,Yes,80.0,3.0,80.0,80.0,Improvement,0.0
T01805,S1805,no,no,Yes,80.0,1.0,80.0,22.0,no,-58.0
T01806,S1806,Blockchain,Technical,Yes,80.0,3.0,80.0,80.0,no,0.0
T01807,S1807,Negotiation,Technical,No,80.0,6.0,80.0,68.0,no,-12.0
T01808,S1808,Python Programming,Technical,Yes,80.0,6.0,80.0,80.0,no,0.0
T01809,S1809,Data Science,Technical,Yes,80.0,4.0,80.0,38.0,no,-42.0
T01810,S1810,Web Development,Soft Skills,no,80.0,6.0,80.0,80.0,no,0.0
T01811,S1811,Blockchain,Technical,No,80.0,3.0,62.0,80.0,no,18.0
T01812,S1812,IoT Basics,Soft Skills,No,3.0,3.0,80.0,80.0,No Improvement,0.0
T01813,S1813,AI Fundamentals,no,no,86.0,6.0,80.0,80.0,no,0.0
T01814,S1814,AI Fundamentals,Soft Skills,Yes,80.0,6.0,16.0,78.0,Improvement,62.0
T01815,S1815,Cybersecurity,Technical,Yes,80.0,3.0,80.0,23.0,no,-57.0
T01816,S1816,Cybersecurity,no,No,33.0,6.0,80.0,84.0,no,4.0
T01817,S1817,Communication Skills,Technical,No,80.0,3.0,30.0,79.0,no,49.0
T01818,S1818,Communication Skills,Technical,Yes,80.0,3.0,80.0,80.0,no,0.0
T01819,S1819,Cloud Computing,Technical,Yes,80.0,3.0,16.0,80.0,no,64.0
T01820,S1820,DevOps,Soft Skills,no,80.0,6.0,80.0,80.0,no,0.0
T01821,S1821,Python Programming,Technical,no,53.0,6.0,80.0,80.0,Improvement,0.0
T01822,S1822,IoT Basics,Soft Skills,no,80.0,6.0,80.0,80.0,Improvement,0.0
T01823,S1823,Web Development,Technical,No,29.0,6.0,80.0,80.0,Improvement,0.0
T01824,S1824,IoT Basics,Soft Skills,Yes,80.0,6.0,80.0,83.0,Improvement,3.0
T01825,S1825,no,Soft Skills,Yes,80.0,6.0,80.0,82.0,no,2.0
T01826,S1826,Cybersecurity,Soft Skills,Yes,80.0,6.0,24.0,64.0,no,40.0
T01827,S1827,Communication Skills,Soft Skills,Yes,80.0,1.0,60.0,80.0,no,20.0
T01828,S1828,Cybersecurity,Technical,no,49.0,3.0,80.0,80.0,Improvement,0.0
T01829,S1829,IoT Basics,Technical,No,80.0,1.0,80.0,80.0,Improvement,0.0
T01830,S1830,Web Development,no,Yes,80.0,3.0,80.0,80.0,Improvement,0.0
T01831,S1831,Web Development,Soft Skills,No,80.0,4.0,76.0,80.0,no,4.0
T01832,S1832,Negotiation,Technical,No,80.0,6.0,80.0,80.0,No Improvement,0.0
T01833,S1833,no,no,No,80.0,3.0,80.0,80.0,no,0.0
T01834,S1834,Communication Skills,Technical,No,80.0,3.0,80.0,37.0,no,-43.0
T01835,S1835,no,Technical,No,80.0,3.0,80.0,45.0,Improvement,-35.0
T01836,S1836,Data Science,Technical,no,80.0,3.0,80.0,80.0,Improvement,0.0
T01837,S1837,DevOps,Soft Skills,Yes,80.0,6.0,80.0,80.0,no,0.0
T01838,S1838,Cloud Computing,Technical,no,80.0,6.0,7.0,80.0,No Improvement,73.0
T01839,S1839,Negotiation,Soft Skills,No,80.0,3.0,80.0,80.0,no,0.0
T01840,S1840,DevOps,Technical,No,80.0,4.0,80.0,80.0,Improvement,0.0
T01841,S1841,Web Development,Soft Skills,No,80.0,6.0,80.0,80.0,no,0.0
T01842,S1842,Web Development,Soft Skills,No,36.0,3.0,79.0,80.0,no,1.0
T01843,S1843,Cloud Computing,no,No,80.0,6.0,39.0,80.0,no,41.0
T01844,S1844,Python Programming,Soft Skills,Yes,80.0,6.0,80.0,10.0,Improvement,-70.0
T01845,S1845,Cybersecurity,Technical,Yes,45.0,6.0,80.0,80.0,Improvement,0.0
T01846,S1846,Negotiation,Technical,no,23.0,3.0,80.0,22.0,No Improvement,-58.0
T01847,S1847,Blockchain,Technical,No,80.0,6.0,80.0,90.0,no,10.0
T01848,S1848,Communication Skills,Soft Skills,Yes,80.0,3.0,80.0,80.0,no,0.0
T01849,S1849,Python Programming,Technical,no,91.0,6.0,24.0,80.0,no,56.0
T01850,S1850,DevOps,Soft Skills,Yes,87.0,3.0,80.0,80.0,no,0.0
T01851,S1851,AI Fundamentals,Technical,no,81.0,3.0,24.0,79.0,no,55.0
T01852,S1852,Negotiation,Technical,Yes,44.0,3.0,57.0,80.0,No Improvement,23.0
T01853,S1853,Data Science,Technical,No,80.0,6.0,80.0,53.0,no,-27.0
T01854,S1854,IoT Basics,Soft Skills,no,80.0,1.0,80.0,80.0,no,0.0
T01855,S1855,Negotiation,Soft Skills,no,80.0,3.0,80.0,80.0,no,0.0
T01856,S1856,Negotiation,Soft Skills,Yes,80.0,3.0,80.0,80.0,No Improvement,0.0
T01857,S1857,Python Programming,Technical,No,46.0,3.0,100.0,80.0,No Improvement,-20.0
T01858,S1858,Data Science,Soft Skills,no,80.0,3.0,67.0,80.0,no,13.0
T01859,S1859,no,no,Yes,80.0,3.0,80.0,65.0,No Improvement,-15.0
T01860,S1860,Cloud Computing,Technical,Yes,65.0,3.0,80.0,80.0,no,0.0
T01861,S1861,Cybersecurity,Technical,No,100.0,3.0,80.0,80.0,No Improvement,0.0
T01862,S1862,Cybersecurity,Technical,Yes,87.0,3.0,80.0,80.0,Improvement,0.0
T01863,S1863,IoT Basics,Technical,Yes,52.0,3.0,69.0,80.0,Improvement,11.0
T01864,S1864,no,Technical,No,21.0,2.0,80.0,80.0,Improvement,0.0
T01865,S1865,AI Fundamentals,Technical,no,99.0,3.0,30.0,80.0,Improvement,50.0
T01866,S1866,Leadership,Technical,Yes,80.0,3.0,80.0,80.0,Improvement,0.0
T01867,S1867,Negotiation,Soft Skills,No,80.0,3.0,80.0,80.0,Improvement,0.0
T01868,S1868,Data Science,Soft Skills,Yes,80.0,3.0,80.0,80.0,Improvement,0.0
T01869,S1869,Negotiation,no,Yes,80.0,3.0,80.0,50.0,no,-30.0
T01870,S1870,no,no,no,80.0,3.0,80.0,80.0,Improvement,0.0
T01871,S1871,AI Fundamentals,Soft Skills,Yes,80.0,6.0,80.0,80.0,no,0.0
T01872,S1872,Cybersecurity,Technical,no,80.0,4.0,80.0,7.0,Improvement,-73.0
T01873,S1873,AI Fundamentals,Soft Skills,No,90.0,6.0,80.0,80.0,Improvement,0.0
T01874,S1874,Communication Skills,Technical,Yes,80.0,3.0,80.0,80.0,Improvement,0.0
T01875,S1875,Negotiation,Technical,Yes,80.0,6.0,80.0,99.0,Improvement,19.0
T01876,S1876,DevOps,no,Yes,17.0,3.0,80.0,80.0,No Improvement,0.0
T01877,S1877,Leadership,Technical,no,74.0,1.0,80.0,80.0,No Improvement,0.0
T01878,S1878,Cybersecurity,Technical,Yes,80.0,3.0,80.0,80.0,No Improvement,0.0
T01879,S1879,no,Soft Skills,Yes,80.0,6.0,17.0,41.0,Improvement,24.0
T01880,S1880,Communication Skills,Soft Skills,Yes,5.0,4.0,80.0,80.0,no,0.0
T01881,S1881,AI Fundamentals,Soft Skills,No,90.0,3.0,80.0,80.0,No Improvement,0.0
T01882,S1882,Blockchain,Soft Skills,No,80.0,3.0,87.0,80.0,no,-7.0
T01883,S1883,Leadership,Soft Skills,Yes,80.0,3.0,80.0,80.0,no,0.0
T01884,S1884,no,Soft Skills,Yes,80.0,1.0,80.0,80.0,Improvement,0.0
T01885,S1885,no,Soft Skills,Yes,80.0,6.0,63.0,71.0,no,8.0
T01886,S1886,Web Development,Technical,No,80.0,6.0,80.0,80.0,no,0.0
T01887,S1887,Blockchain,Soft Skills,Yes,80.0,6.0,80.0,80.0,No Improvement,0.0
T01888,S1888,Python Programming,Soft Skills,no,80.0,5.0,80.0,16.0,No Improvement,-64.0
T01889,S1889,Leadership,Soft Skills,Yes,70.0,6.0,3.0,80.0,no,77.0
T01890,S1890,no,Technical,No,80.0,3.0,10.0,80.0,no,70.0
T01891,S1891,Cloud Computing,Technical,Yes,80.0,3.0,80.0,80.0,no,0.0
T01892,S1892,DevOps,Soft Skills,Yes,80.0,6.0,80.0,80.0,Improvement,0.0
T01893,S1893,no,Soft Skills,Yes,80.0,3.0,80.0,80.0,no,0.0
T01894,S1894,Cloud Computing,Soft Skills,Yes,1.0,6.0,80.0,80.0,no,0.0
T01895,S1895,Blockchain,Soft Skills,No,20.0,3.0,27.0,80.0,No Improvement,53.0
T01896,S1896,no,no,no,80.0,3.0,80.0,80.0,Improvement,0.0
T01897,S1897,Negotiation,no,no,19.0,3.0,80.0,80.0,Improvement,0.0
T01898,S1898,Python Programming,Soft Skills,Yes,90.0,3.0,80.0,80.0,No Improvement,0.0
T01899,S1899,Cloud Computing,Technical,Yes,80.0,6.0,80.0,95.0,no,15.0
T01900,S1900,Python Programming,Soft Skills,No,96.0,3.0,80.0,80.0,no,0.0
T01901,S1901,AI Fundamentals,no,No,62.0,3.0,94.0,80.0,no,-14.0
T01902,S1902,IoT Basics,Technical,no,80.0,4.0,80.0,80.0,Improvement,0.0
T01903,S1903,Cloud Computing,Soft Skills,no,80.0,6.0,13.0,80.0,Improvement,67.0
T01904,S1904,IoT Basics,Soft Skills,Yes,80.0,3.0,80.0,80.0,No Improvement,0.0
T01905,S1905,Web Development,Soft Skills,No,80.0,1.0,80.0,82.0,Improvement,2.0
T01906,S1906,Negotiation,Technical,no,80.0,3.0,80.0,91.0,No Improvement,11.0
T01907,S1907,Cloud Computing,no,No,80.0,6.0,80.0,80.0,no,0.0
T01908,S1908,IoT Basics,Soft Skills,Yes,80.0,3.0,80.0,80.0,Improvement,0.0
T01909,S1909,Leadership,Technical,Yes,80.0,6.0,11.0,80.0,no,69.0
T01910,S1910,Leadership,Technical,No,80.0,6.0,80.0,80.0,Improvement,0.0
T01911,S1911,Cloud Computing,Technical,no,80.0,5.0,31.0,80.0,no,49.0
T01912,S1912,Leadership,Technical,no,80.0,6.0,80.0,80.0,Improvement,0.0
T01913,S1913,Data Science,Technical,Yes,80.0,3.0,80.0,96.0,Improvement,16.0
T01914,S1914,Negotiation,Technical,Yes,80.0,3.0,80.0,80.0,no,0.0
T01915,S1915,Negotiation,Technical,no,80.0,4.0,80.0,80.0,no,0.0
T01916,S1916,Blockchain,Soft Skills,no,80.0,3.0,61.0,80.0,no,19.0
T01917,S1917,DevOps,Technical,Yes,80.0,6.0,80.0,80.0,Improvement,0.0
T01918,S1918,Blockchain,Soft Skills,no,80.0,3.0,53.0,80.0,No Improvement,27.0
T01919,S1919,Blockchain,Soft Skills,No,80.0,3.0,80.0,80.0,Improvement,0.0
T01920,S1920,Cloud Computing,Technical,Yes,80.0,3.0,80.0,80.0,no,0.0
T01921,S1921,Blockchain,Technical,No,80.0,2.0,9.0,80.0,Improvement,71.0
T01922,S1922,Cybersecurity,Soft Skills,Yes,80.0,6.0,80.0,80.0,Improvement,0.0
T01923,S1923,Cloud Computing,Technical,no,15.0,3.0,80.0,80.0,No Improvement,0.0
T01924,S1924,Data Science,no,Yes,78.0,6.0,80.0,80.0,no,0.0
T01925,S1925,DevOps,Technical,Yes,80.0,6.0,16.0,46.0,Improvement,30.0
T01926,S1926,Cybersecurity,Soft Skills,Yes,80.0,3.0,20.0,80.0,no,60.0
T01927,S1927,Web Development,no,Yes,10.0,6.0,80.0,80.0,no,0.0
T01928,S1928,DevOps,Soft Skills,No,80.0,3.0,80.0,80.0,Improvement,0.0
T01929,S1929,Communication Skills,Technical,No,80.0,3.0,80.0,80.0,no,0.0
T01930,S1930,Web Development,Soft Skills,Yes,80.0,3.0,51.0,80.0,no,29.0
T01931,S1931,Leadership,Soft Skills,No,80.0,6.0,80.0,80.0,Improvement,0.0
T01932,S1932,Leadership,no,Yes,80.0,3.0,45.0,80.0,no,35.0
T01933,S1933,Communication Skills,Technical,Yes,80.0,3.0,80.0,80.0,Improvement,0.0
T01934,S1934,Python Programming,Technical,Yes,57.0,6.0,80.0,80.0,Improvement,0.0
T01935,S1935,Cloud Computing,no,no,80.0,3.0,80.0,80.0,No Improvement,0.0
T01936,S1936,Data Science,Technical,no,80.0,6.0,80.0,82.0,No Improvement,2.0
T01937,S1937,IoT Basics,Soft Skills,No,92.0,6.0,80.0,9.0,no,-71.0
T01938,S1938,AI Fundamentals,Technical,no,80.0,4.0,80.0,80.0,Improvement,0.0
T01939,S1939,Communication Skills,Soft Skills,Yes,92.0,3.0,80.0,80.0,Improvement,0.0
T01940,S1940,Data Science,Technical,Yes,80.0,3.0,80.0,80.0,no,0.0
T01941,S1941,Web Development,Technical,No,80.0,3.0,80.0,80.0,Improvement,0.0
T01942,S1942,Blockchain,no,No,80.0,6.0,80.0,80.0,No Improvement,0.0
T01943,S1943,no,Soft Skills,No,24.0,3.0,80.0,80.0,no,0.0
T01944,S1944,Python Programming,Technical,No,75.0,1.0,80.0,80.0,no,0.0
T01945,S1945,Negotiation,Technical,Yes,29.0,3.0,80.0,80.0,Improvement,0.0
T01946,S1946,IoT Basics,no,Yes,80.0,6.0,80.0,80.0,No Improvement,0.0
T01947,S1947,no,Soft Skills,Yes,6.0,3.0,80.0,80.0,no,0.0
T01948,S1948,Python Programming,Technical,No,80.0,6.0,80.0,80.0,No Improvement,0.0
T01949,S1949,Communication Skills,Soft Skills,no,80.0,6.0,80.0,80.0,No Improvement,0.0
T01950,S1950,DevOps,Soft Skills,no,80.0,3.0,80.0,74.0,Improvement,-6.0
T01951,S1951,Data Science,no,No,80.0,3.0,80.0,80.0,no,0.0
T01952,S1952,Cloud Computing,Soft Skills,no,80.0,5.0,80.0,61.0,no,-19.0
T01953,S1953,Data Science,Technical,No,21.0,3.0,34.0,80.0,No Improvement,46.0
T01954,S1954,Cybersecurity,Technical,no,80.0,3.0,80.0,98.0,no,18.0
T01955,S1955,Cybersecurity,Soft Skills,No,80.0,3.0,85.0,36.0,no,-49.0
T01956,S1956,Blockchain,Technical,No,80.0,6.0,80.0,80.0,no,0.0
T01957,S1957,IoT Basics,Technical,Yes,100.0,3.0,94.0,80.0,no,-14.0
T01958,S1958,Web Development,Technical,no,48.0,3.0,80.0,80.0,no,0.0
T01959,S1959,Negotiation,Soft Skills,Yes,80.0,4.0,93.0,64.0,no,-29.0
T01960,S1960,Blockchain,no,Yes,80.0,3.0,71.0,80.0,no,9.0
T01961,S1961,Negotiation,Soft Skills,Yes,80.0,5.0,80.0,80.0,No Improvement,0.0
T01962,S1962,Python Programming,no,Yes,23.0,3.0,80.0,80.0,no,0.0
T01963,S1963,Blockchain,Technical,No,80.0,6.0,80.0,80.0,Improvement,0.0
T01964,S1964,Web Development,Soft Skills,Yes,80.0,3.0,80.0,80.0,No Improvement,0.0
T01965,S1965,IoT Basics,Soft Skills,Yes,80.0,3.0,80.0,52.0,no,-28.0
T01966,S1966,Negotiation,Soft Skills,Yes,80.0,6.0,80.0,25.0,Improvement,-55.0
T01967,S1967,Data Science,Soft Skills,Yes,80.0,1.0,80.0,80.0,No Improvement,0.0
T01968,S1968,DevOps,no,No,80.0,3.0,4.0,61.0,Improvement,57.0
T01969,S1969,IoT Basics,no,Yes,80.0,3.0,80.0,80.0,Improvement,0.0
T01970,S1970,Blockchain,no,Yes,80.0,3.0,40.0,80.0,no,40.0
T01971,S1971,Python Programming,no,Yes,80.0,3.0,2.0,80.0,no,78.0
T01972,S1972,Web Development,no,Yes,80.0,3.0,80.0,80.0,No Improvement,0.0
T01973,S1973,DevOps,Technical,Yes,80.0,5.0,80.0,80.0,Improvement,0.0
T01974,S1974,IoT Basics,Technical,Yes,97.0,3.0,80.0,80.0,no,0.0
T01975,S1975,Communication Skills,Technical,No,80.0,6.0,80.0,6.0,No Improvement,-74.0
T01976,S1976,Cybersecurity,Soft Skills,No,80.0,3.0,80.0,80.0,Improvement,0.0
T01977,S1977,Communication Skills,Technical,Yes,80.0,6.0,80.0,80.0,no,0.0
T01978,S1978,Data Science,Soft Skills,Yes,80.0,1.0,80.0,80.0,no,0.0
T01979,S1979,Web Development,no,No,80.0,3.0,80.0,80.0,No Improvement,0.0
T01980,S1980,no,Soft Skills,Yes,80.0,3.0,80.0,80.0,no,0.0
T01981,S1981,no,no,Yes,80.0,5.0,63.0,36.0,no,-27.0
T01982,S1982,Python Programming,Soft Skills,Yes,80.0,6.0,80.0,80.0,Improvement,0.0
T01983,S1983,Cybersecurity,Technical,Yes,80.0,3.0,80.0,45.0,Improvement,-35.0
T01984,S1984,Communication Skills,Technical,Yes,80.0,6.0,80.0,80.0,no,0.0
T01985,S1985,Web Development,Technical,Yes,80.0,3.0,80.0,80.0,Improvement,0.0
T01986,S1986,DevOps,Technical,Yes,80.0,3.0,80.0,42.0,Improvement,-38.0
T01987,S1987,no,Technical,No,80.0,6.0,96.0,80.0,No Improvement,-16.0
T01988,S1988,Python Programming,Soft Skills,No,80.0,6.0,80.0,80.0,No Improvement,0.0
T01989,S1989,Python Programming,no,No,80.0,3.0,80.0,80.0,No Improvement,0.0
T01990,S1990,Web Development,Soft Skills,No,80.0,3.0,30.0,80.0,no,50.0
T01991,S1991,AI Fundamentals,Technical,Yes,99.0,3.0,1.0,41.0,no,40.0
T01992,S1992,AI Fundamentals,Technical,no,80.0,5.0,80.0,80.0,No Improvement,0.0
T01993,S1993,Negotiation,Technical,Yes,97.0,3.0,80.0,80.0,no,0.0
T01994,S1994,Web Development,Technical,Yes,80.0,6.0,80.0,90.0,Improvement,10.0
T01995,S1995,Cybersecurity,Soft Skills,Yes,80.0,3.0,80.0,75.0,Improvement,-5.0
T01996,S1996,Communication Skills,Technical,Yes,80.0,1.0,80.0,80.0,No Improvement,0.0
T01997,S1997,IoT Basics,Technical,no,82.0,6.0,80.0,80.0,no,0.0
T01998,S1998,Blockchain,Soft Skills,No,63.0,3.0,80.0,80.0,Improvement,0.0
T01999,S1999,DevOps,Soft Skills,Yes,8.0,6.0,80.0,80.0,no,0.0
T02000,S2000,Data Science,Soft Skills,No,80.0,6.0,91.0,95.0,no,4.0
T02001,S2001,Data Science,Technical,Yes,80.0,3.0,80.0,80.0,No Improvement,0.0
T02002,S2002,Python Programming,Soft Skills,Yes,80.0,2.0,80.0,80.0,Improvement,0.0
T02003,S2003,DevOps,Soft Skills,No,80.0,6.0,80.0,80.0,Improvement,0.0
T02004,S2004,Python Programming,Technical,Yes,80.0,3.0,80.0,30.0,Improvement,-50.0
T02005,S2005,Cybersecurity,Soft Skills,Yes,80.0,3.0,80.0,80.0,No Improvement,0.0
T02006,S2006,no,Soft Skills,Yes,80.0,1.0,80.0,2.0,No Improvement,-78.0
T02007,S2007,Blockchain,Soft Skills,Yes,80.0,3.0,80.0,80.0,no,0.0
T02008,S2008,Data Science,Technical,no,80.0,6.0,80.0,80.0,no,0.0
T02009,S2009,Web Development,no,Yes,79.0,6.0,80.0,59.0,No Improvement,-21.0
T02010,S2010,Negotiation,Technical,No,80.0,3.0,80.0,35.0,No Improvement,-45.0
T02011,S2011,Web Development,no,Yes,67.0,3.0,80.0,80.0,no,0.0
T02012,S2012,DevOps,no,No,39.0,3.0,80.0,80.0,no,0.0
T02013,S2013,Python Programming,Technical,No,80.0,3.0,80.0,70.0,No Improvement,-10.0
T02014,S2014,Communication Skills,Technical,Yes,80.0,3.0,80.0,80.0,Improvement,0.0
T02015,S2015,Web Development,Soft Skills,Yes,80.0,3.0,42.0,32.0,Improvement,-10.0
T02016,S2016,DevOps,Soft Skills,No,80.0,3.0,80.0,80.0,no,0.0
T02017,S2017,Cybersecurity,Technical,Yes,49.0,3.0,80.0,80.0,no,0.0
T02018,S2018,IoT Basics,Soft Skills,Yes,56.0,3.0,80.0,80.0,Improvement,0.0
T02019,S2019,AI Fundamentals,Technical,Yes,80.0,2.0,80.0,80.0,No Improvement,0.0
T02020,S2020,Cybersecurity,Soft Skills,No,80.0,3.0,0.0,80.0,Improvement,80.0
T02021,S2021,IoT Basics,Soft Skills,No,80.0,6.0,85.0,80.0,no,-5.0
T02022,S2022,Leadership,Technical,no,80.0,3.0,80.0,80.0,Improvement,0.0
T02023,S2023,AI Fundamentals,Technical,no,80.0,3.0,80.0,10.0,No Improvement,-70.0
T02024,S2024,AI Fundamentals,Technical,Yes,80.0,3.0,26.0,80.0,no,54.0
T02025,S2025,AI Fundamentals,no,Yes,80.0,3.0,80.0,80.0,Improvement,0.0
T02026,S2026,Communication Skills,Technical,Yes,34.0,6.0,55.0,80.0,Improvement,25.0
T02027,S2027,Cybersecurity,Soft Skills,Yes,80.0,3.0,92.0,77.0,no,-15.0
T02028,S2028,Web Development,Soft Skills,Yes,80.0,3.0,44.0,80.0,Improvement,36.0
T02029,S2029,Cybersecurity,Technical,No,80.0,3.0,46.0,80.0,No Improvement,34.0
T02030,S2030,Leadership,Technical,Yes,80.0,3.0,43.0,80.0,no,37.0
T02031,S2031,Negotiation,no,Yes,80.0,3.0,80.0,80.0,no,0.0
T02032,S2032,no,Technical,Yes,80.0,4.0,80.0,75.0,no,-5.0
T02033,S2033,DevOps,no,Yes,80.0,3.0,80.0,80.0,no,0.0
T02034,S2034,Cloud Computing,Soft Skills,No,80.0,3.0,80.0,80.0,no,0.0
T02035,S2035,AI Fundamentals,Technical,Yes,80.0,6.0,80.0,7.0,Improvement,-73.0
T02036,S2036,IoT Basics,no,Yes,86.0,4.0,80.0,61.0,Improvement,-19.0
T02037,S2037,Cybersecurity,Soft Skills,Yes,80.0,3.0,28.0,10.0,Improvement,-18.0
T02038,S2038,Negotiation,Soft Skills,Yes,80.0,3.0,70.0,80.0,No Improvement,10.0
T02039,S2039,no,no,No,80.0,5.0,83.0,30.0,no,-53.0
T02040,S2040,DevOps,Technical,Yes,80.0,3.0,91.0,80.0,no,-11.0
T02041,S2041,no,Technical,Yes,80.0,3.0,84.0,5.0,no,-79.0
T02042,S2042,Blockchain,Technical,Yes,80.0,3.0,80.0,80.0,no,0.0
T02043,S2043,Negotiation,Soft Skills,Yes,45.0,3.0,80.0,80.0,no,0.0
T02044,S2044,Python Programming,no,no,76.0,3.0,44.0,80.0,Improvement,36.0
T02045,S2045,Cloud Computing,no,no,80.0,3.0,80.0,80.0,No Improvement,0.0
T02046,S2046,Blockchain,Technical,Yes,80.0,3.0,80.0,80.0,Improvement,0.0
T02047,S2047,no,Soft Skills,no,80.0,2.0,80.0,80.0,Improvement,0.0
T02048,S2048,Python Programming,Technical,Yes,4.0,6.0,80.0,34.0,Improvement,-46.0
T02049,S2049,Data Science,Soft Skills,Yes,80.0,2.0,5.0,83.0,no,78.0
T02050,S2050,AI Fundamentals,Soft Skills,Yes,80.0,3.0,88.0,80.0,Improvement,-8.0
T02051,S2051,Leadership,Soft Skills,No,80.0,6.0,80.0,80.0,no,0.0
T02052,S2052,Cybersecurity,Technical,Yes,80.0,3.0,80.0,80.0,Improvement,0.0
T02053,S2053,Negotiation,Technical,Yes,80.0,5.0,11.0,47.0,no,36.0
T02054,S2054,AI Fundamentals,Technical,No,80.0,3.0,99.0,80.0,Improvement,-19.0
T02055,S2055,Blockchain,Soft Skills,Yes,80.0,3.0,80.0,80.0,No Improvement,0.0
T02056,S2056,Data Science,Soft Skills,No,80.0,6.0,39.0,80.0,Improvement,41.0
T02057,S2057,Leadership,Soft Skills,Yes,80.0,6.0,80.0,80.0,no,0.0
T02058,S2058,IoT Basics,Soft Skills,No,80.0,3.0,80.0,80.0,no,0.0
T02059,S2059,Blockchain,no,Yes,80.0,6.0,50.0,17.0,Improvement,-33.0
T02060,S2060,Communication Skills,Soft Skills,Yes,86.0,3.0,80.0,80.0,Improvement,0.0
T02061,S2061,AI Fundamentals,Technical,No,80.0,6.0,13.0,80.0,No Improvement,67.0
T02062,S2062,Negotiation,Technical,Yes,80.0,6.0,80.0,80.0,No Improvement,0.0
T02063,S2063,Blockchain,Soft Skills,No,51.0,6.0,80.0,80.0,Improvement,0.0
T02064,S2064,IoT Basics,Soft Skills,Yes,80.0,3.0,63.0,80.0,Improvement,17.0
T02065,S2065,no,Technical,Yes,9.0,3.0,80.0,80.0,no,0.0
T02066,S2066,Cloud Computing,no,no,80.0,4.0,80.0,80.0,Improvement,0.0
T02067,S2067,Communication Skills,Soft Skills,No,80.0,4.0,80.0,80.0,No Improvement,0.0
T02068,S2068,IoT Basics,Soft Skills,Yes,80.0,3.0,91.0,80.0,Improvement,-11.0
T02069,S2069,Blockchain,Soft Skills,Yes,6.0,3.0,80.0,80.0,no,0.0
T02070,S2070,Leadership,no,no,80.0,3.0,80.0,80.0,No Improvement,0.0
T02071,S2071,Web Development,no,no,21.0,3.0,80.0,43.0,Improvement,-37.0
T02072,S2072,Communication Skills,no,Yes,23.0,6.0,80.0,87.0,No Improvement,7.0
T02073,S2073,Cybersecurity,Soft Skills,no,18.0,5.0,80.0,80.0,No Improvement,0.0
T02074,S2074,IoT Basics,Soft Skills,Yes,90.0,3.0,80.0,80.0,no,0.0
T02075,S2075,Python Programming,Technical,Yes,80.0,3.0,80.0,100.0,No Improvement,20.0
T02076,S2076,no,no,Yes,4.0,3.0,16.0,40.0,Improvement,24.0
T02077,S2077,Negotiation,no,no,51.0,3.0,80.0,59.0,Improvement,-21.0
T02078,S2078,Leadership,no,No,80.0,3.0,80.0,80.0,Improvement,0.0
T02079,S2079,Communication Skills,Soft Skills,no,80.0,5.0,88.0,80.0,No Improvement,-8.0
T02080,S2080,Negotiation,Soft Skills,No,69.0,3.0,80.0,80.0,No Improvement,0.0
T02081,S2081,Web Development,Soft Skills,no,80.0,3.0,80.0,48.0,no,-32.0
T02082,S2082,Negotiation,no,no,80.0,3.0,80.0,80.0,Improvement,0.0
T02083,S2083,Communication Skills,Soft Skills,Yes,80.0,5.0,80.0,80.0,no,0.0
T02084,S2084,Cloud Computing,no,Yes,80.0,1.0,70.0,80.0,Improvement,10.0
T02085,S2085,Communication Skills,Technical,Yes,80.0,3.0,80.0,44.0,Improvement,-36.0
T02086,S2086,Leadership,Technical,Yes,80.0,5.0,35.0,65.0,no,30.0
T02087,S2087,Negotiation,no,Yes,21.0,5.0,80.0,80.0,Improvement,0.0
T02088,S2088,DevOps,Technical,no,80.0,6.0,76.0,97.0,Improvement,21.0
T02089,S2089,Cybersecurity,Soft Skills,No,80.0,1.0,80.0,80.0,No Improvement,0.0
T02090,S2090,DevOps,no,Yes,0.0,3.0,80.0,49.0,no,-31.0
T02091,S2091,Blockchain,Technical,Yes,80.0,3.0,80.0,80.0,No Improvement,0.0
T02092,S2092,Leadership,Soft Skills,No,80.0,3.0,94.0,80.0,Improvement,-14.0
T02093,S2093,DevOps,Soft Skills,Yes,53.0,3.0,30.0,80.0,no,50.0
T02094,S2094,Web Development,Technical,Yes,80.0,3.0,80.0,89.0,no,9.0
T02095,S2095,Cloud Computing,Soft Skills,No,80.0,3.0,92.0,1.0,Improvement,-91.0
T02096,S2096,Cloud Computing,Soft Skills,No,80.0,3.0,80.0,80.0,no,0.0
T02097,S2097,Leadership,Soft Skills,no,80.0,3.0,80.0,80.0,no,0.0
T02098,S2098,Leadership,Soft Skills,No,80.0,6.0,80.0,80.0,no,0.0
T02099,S2099,Cloud Computing,Soft Skills,Yes,24.0,3.0,80.0,80.0,No Improvement,0.0
T02100,S2100,AI Fundamentals,no,Yes,80.0,3.0,80.0,80.0,Improvement,0.0
T02101,S2101,DevOps,Soft Skills,Yes,66.0,6.0,80.0,80.0,No Improvement,0.0
T02102,S2102,IoT Basics,no,no,46.0,6.0,80.0,80.0,no,0.0
T02103,S2103,Cybersecurity,no,no,80.0,4.0,80.0,8.0,no,-72.0
T02104,S2104,Web Development,Technical,Yes,80.0,3.0,80.0,94.0,No Improvement,14.0
T02105,S2105,Cybersecurity,Technical,No,80.0,3.0,4.0,80.0,Improvement,76.0
T02106,S2106,Blockchain,Soft Skills,Yes,80.0,3.0,80.0,80.0,Improvement,0.0
T02107,S2107,Data Science,Soft Skills,no,61.0,3.0,95.0,80.0,Improvement,-15.0
T02108,S2108,no,no,Yes,13.0,6.0,81.0,81.0,no,0.0
T02109,S2109,DevOps,no,no,80.0,3.0,80.0,9.0,no,-71.0
T02110,S2110,Python Programming,Technical,no,80.0,3.0,80.0,80.0,no,0.0
T02111,S2111,Cloud Computing,Soft Skills,Yes,80.0,3.0,54.0,80.0,no,26.0
T02112,S2112,Communication Skills,Soft Skills,no,66.0,3.0,58.0,80.0,Improvement,22.0
T02113,S2113,Web Development,Technical,No,80.0,3.0,80.0,80.0,Improvement,0.0
T02114,S2114,no,no,no,80.0,3.0,3.0,80.0,no,77.0
T02115,S2115,Blockchain,Technical,Yes,8.0,3.0,80.0,17.0,no,-63.0
T02116,S2116,Data Science,Technical,Yes,80.0,6.0,17.0,80.0,Improvement,63.0
T02117,S2117,Negotiation,no,Yes,80.0,3.0,80.0,80.0,Improvement,0.0
T02118,S2118,no,Technical,Yes,80.0,6.0,80.0,8.0,no,-72.0
T02119,S2119,Python Programming,Soft Skills,no,80.0,3.0,61.0,31.0,no,-30.0
T02120,S2120,Communication Skills,Technical,Yes,38.0,6.0,92.0,80.0,no,-12.0
T02121,S2121,Leadership,Technical,Yes,80.0,6.0,80.0,80.0,Improvement,0.0
T02122,S2122,Leadership,Soft Skills,Yes,80.0,6.0,80.0,80.0,no,0.0
T02123,S2123,Data Science,Soft Skills,Yes,80.0,6.0,80.0,80.0,no,0.0
T02124,S2124,Data Science,Technical,Yes,80.0,6.0,30.0,80.0,no,50.0
T02125,S2125,Communication Skills,no,Yes,80.0,4.0,80.0,80.0,no,0.0
T02126,S2126,AI Fundamentals,Technical,no,80.0,3.0,79.0,80.0,Improvement,1.0
T02127,S2127,Data Science,Technical,Yes,59.0,3.0,80.0,80.0,no,0.0
T02128,S2128,no,Soft Skills,Yes,80.0,3.0,80.0,46.0,No Improvement,-34.0
T02129,S2129,Cloud Computing,no,No,80.0,5.0,90.0,80.0,No Improvement,-10.0
T02130,S2130,Communication Skills,Technical,Yes,80.0,3.0,80.0,80.0,no,0.0
T02131,S2131,no,Soft Skills,No,80.0,3.0,80.0,80.0,No Improvement,0.0
T02132,S2132,no,Technical,Yes,80.0,6.0,80.0,80.0,Improvement,0.0
T02133,S2133,AI Fundamentals,Soft Skills,No,31.0,3.0,80.0,80.0,no,0.0
T02134,S2134,Negotiation,Soft Skills,Yes,80.0,3.0,80.0,80.0,no,0.0
T02135,S2135,Python Programming,no,Yes,80.0,3.0,80.0,72.0,Improvement,-8.0
T02136,S2136,Python Programming,Soft Skills,Yes,80.0,6.0,80.0,80.0,Improvement,0.0
T02137,S2137,DevOps,Soft Skills,No,80.0,3.0,80.0,80.0,Improvement,0.0
T02138,S2138,Cloud Computing,Technical,Yes,80.0,6.0,80.0,80.0,Improvement,0.0
T02139,S2139,Leadership,Soft Skills,no,43.0,3.0,80.0,80.0,no,0.0
T02140,S2140,Cloud Computing,no,no,80.0,4.0,80.0,53.0,No Improvement,-27.0
T02141,S2141,Web Development,no,Yes,14.0,3.0,80.0,76.0,Improvement,-4.0
T02142,S2142,Cybersecurity,no,no,19.0,3.0,80.0,80.0,no,0.0
T02143,S2143,Communication Skills,Soft Skills,No,80.0,4.0,80.0,80.0,No Improvement,0.0
T02144,S2144,IoT Basics,Soft Skills,No,80.0,3.0,80.0,23.0,No Improvement,-57.0
T02145,S2145,Negotiation,Technical,No,80.0,4.0,65.0,80.0,Improvement,15.0
T02146,S2146,Blockchain,no,No,80.0,3.0,15.0,80.0,Improvement,65.0
T02147,S2147,Cloud Computing,no,Yes,80.0,3.0,80.0,80.0,No Improvement,0.0
T02148,S2148,Cybersecurity,Technical,no,80.0,4.0,73.0,80.0,No Improvement,7.0
T02149,S2149,AI Fundamentals,no,No,3.0,3.0,8.0,80.0,Improvement,72.0
T02150,S2150,Communication Skills,Technical,Yes,80.0,3.0,80.0,28.0,no,-52.0
T02151,S2151,Blockchain,Technical,Yes,80.0,3.0,80.0,86.0,Improvement,6.0
T02152,S2152,Communication Skills,Soft Skills,Yes,80.0,6.0,80.0,80.0,Improvement,0.0
T02153,S2153,IoT Basics,Technical,Yes,80.0,3.0,80.0,80.0,Improvement,0.0
T02154,S2154,Leadership,Soft Skills,Yes,60.0,3.0,18.0,80.0,Improvement,62.0
T02155,S2155,Leadership,Soft Skills,Yes,65.0,3.0,80.0,80.0,no,0.0
T02156,S2156,Cloud Computing,Technical,no,80.0,3.0,63.0,80.0,no,17.0
T02157,S2157,Python Programming,Technical,Yes,80.0,3.0,80.0,80.0,no,0.0
T02158,S2158,Web Development,Technical,Yes,80.0,3.0,80.0,80.0,No Improvement,0.0
T02159,S2159,Blockchain,no,No,80.0,3.0,80.0,80.0,Improvement,0.0
T02160,S2160,Cybersecurity,Soft Skills,Yes,97.0,3.0,80.0,80.0,no,0.0
T02161,S2161,Blockchain,Soft Skills,No,80.0,3.0,80.0,80.0,no,0.0
T02162,S2162,Python Programming,Technical,No,80.0,3.0,80.0,80.0,Improvement,0.0
T02163,S2163,Cloud Computing,no,no,80.0,3.0,80.0,80.0,Improvement,0.0
T02164,S2164,Communication Skills,Soft Skills,Yes,94.0,6.0,46.0,80.0,Improvement,34.0
T02165,S2165,IoT Basics,Soft Skills,No,80.0,2.0,80.0,80.0,no,0.0
T02166,S2166,DevOps,Technical,no,44.0,3.0,12.0,80.0,no,68.0
T02167,S2167,IoT Basics,Soft Skills,Yes,80.0,3.0,49.0,80.0,Improvement,31.0
T02168,S2168,Negotiation,Technical,No,80.0,2.0,80.0,80.0,No Improvement,0.0
T02169,S2169,Cybersecurity,Technical,Yes,36.0,3.0,45.0,80.0,no,35.0
T02170,S2170,DevOps,Soft Skills,Yes,80.0,6.0,80.0,80.0,Improvement,0.0
T02171,S2171,Leadership,Technical,no,80.0,3.0,80.0,80.0,Improvement,0.0
T02172,S2172,Blockchain,Technical,No,3.0,4.0,80.0,4.0,No Improvement,-76.0
T02173,S2173,Communication Skills,Soft Skills,Yes,80.0,3.0,80.0,47.0,no,-33.0
T02174,S2174,IoT Basics,Technical,Yes,80.0,2.0,31.0,80.0,Improvement,49.0
T02175,S2175,Web Development,Soft Skills,no,80.0,3.0,80.0,55.0,No Improvement,-25.0
T02176,S2176,Communication Skills,Technical,Yes,80.0,6.0,95.0,92.0,No Improvement,-3.0
T02177,S2177,Leadership,Soft Skills,Yes,80.0,3.0,80.0,80.0,Improvement,0.0
T02178,S2178,Blockchain,Technical,no,80.0,2.0,80.0,80.0,Improvement,0.0
T02179,S2179,Data Science,no,No,80.0,3.0,80.0,84.0,no,4.0
T02180,S2180,Web Development,no,Yes,63.0,3.0,1.0,80.0,No Improvement,79.0
T02181,S2181,Web Development,Soft Skills,Yes,80.0,3.0,31.0,80.0,Improvement,49.0
T02182,S2182,Cybersecurity,no,Yes,80.0,3.0,80.0,80.0,Improvement,0.0
T02183,S2183,AI Fundamentals,Technical,Yes,80.0,6.0,80.0,5.0,no,-75.0
T02184,S2184,IoT Basics,Technical,Yes,80.0,3.0,80.0,80.0,no,0.0
T02185,S2185,Leadership,Technical,Yes,80.0,3.0,92.0,80.0,no,-12.0
T02186,S2186,Cybersecurity,Soft Skills,No,80.0,3.0,80.0,80.0,Improvement,0.0
T02187,S2187,DevOps,Technical,no,80.0,6.0,80.0,80.0,no,0.0
T02188,S2188,DevOps,Soft Skills,No,80.0,3.0,80.0,80.0,Improvement,0.0
T02189,S2189,Web Development,Technical,no,80.0,3.0,87.0,80.0,Improvement,-7.0
T02190,S2190,Leadership,Technical,No,80.0,6.0,80.0,80.0,Improvement,0.0
T02191,S2191,AI Fundamentals,Technical,No,11.0,3.0,80.0,80.0,Improvement,0.0
T02192,S2192,Blockchain,no,Yes,80.0,3.0,80.0,80.0,no,0.0
T02193,S2193,Leadership,Technical,Yes,80.0,5.0,80.0,80.0,Improvement,0.0
T02194,S2194,Python Programming,Technical,no,80.0,6.0,80.0,74.0,no,-6.0
T02195,S2195,Python Programming,no,Yes,80.0,5.0,80.0,80.0,no,0.0
T02196,S2196,no,Technical,no,5.0,6.0,80.0,80.0,no,0.0
T02197,S2197,Data Science,no,No,80.0,6.0,80.0,80.0,no,0.0
T02198,S2198,Blockchain,Soft Skills,No,80.0,3.0,80.0,80.0,no,0.0
T02199,S2199,Cloud Computing,Soft Skills,No,80.0,6.0,80.0,80.0,no,0.0
T02200,S2200,Web Development,Soft Skills,No,4.0,3.0,80.0,80.0,Improvement,0.0
T02201,S2201,Cloud Computing,Soft Skills,No,80.0,3.0,80.0,80.0,No Improvement,0.0
T02202,S2202,Cybersecurity,Technical,Yes,57.0,3.0,43.0,80.0,No Improvement,37.0
T02203,S2203,Blockchain,Technical,No,80.0,1.0,80.0,80.0,Improvement,0.0
T02204,S2204,Cybersecurity,Technical,No,22.0,3.0,80.0,80.0,Improvement,0.0
T02205,S2205,Negotiation,no,Yes,80.0,6.0,80.0,80.0,no,0.0
T02206,S2206,AI Fundamentals,Technical,No,80.0,6.0,80.0,61.0,no,-19.0
T02207,S2207,Python Programming,Technical,Yes,80.0,3.0,80.0,80.0,Improvement,0.0
T02208,S2208,Data Science,Soft Skills,Yes,80.0,2.0,80.0,80.0,Improvement,0.0
T02209,S2209,no,Technical,Yes,80.0,3.0,80.0,80.0,Improvement,0.0
T02210,S2210,Data Science,Soft Skills,Yes,89.0,3.0,80.0,80.0,Improvement,0.0
T02211,S2211,Web Development,Soft Skills,Yes,20.0,3.0,80.0,80.0,Improvement,0.0
T02212,S2212,Leadership,Soft Skills,no,80.0,1.0,80.0,80.0,no,0.0
T02213,S2213,Python Programming,no,no,80.0,3.0,80.0,80.0,No Improvement,0.0
T02214,S2214,AI Fundamentals,Soft Skills,Yes,80.0,6.0,80.0,80.0,Improvement,0.0
T02215,S2215,Web Development,Technical,Yes,52.0,6.0,80.0,80.0,Improvement,0.0
T02216,S2216,no,Soft Skills,Yes,80.0,3.0,80.0,85.0,Improvement,5.0
T02217,S2217,IoT Basics,Technical,no,80.0,3.0,80.0,33.0,no,-47.0
T02218,S2218,DevOps,Soft Skills,Yes,80.0,4.0,80.0,37.0,no,-43.0
T02219,S2219,Blockchain,no,Yes,80.0,6.0,80.0,61.0,Improvement,-19.0
T02220,S2220,Data Science,Soft Skills,No,80.0,4.0,10.0,86.0,No Improvement,76.0
T02221,S2221,Communication Skills,Technical,Yes,80.0,6.0,80.0,80.0,no,0.0
T02222,S2222,Leadership,Soft Skills,no,80.0,1.0,12.0,80.0,Improvement,68.0
T02223,S2223,Leadership,Soft Skills,no,80.0,3.0,80.0,80.0,Improvement,0.0
T02224,S2224,Data Science,no,No,80.0,3.0,80.0,80.0,Improvement,0.0
T02225,S2225,Negotiation,no,no,80.0,3.0,80.0,2.0,no,-78.0
T02226,S2226,Data Science,Soft Skills,No,80.0,3.0,80.0,80.0,no,0.0
T02227,S2227,DevOps,Technical,Yes,88.0,6.0,80.0,46.0,no,-34.0
T02228,S2228,Web Development,no,Yes,80.0,3.0,80.0,80.0,no,0.0
T02229,S2229,Negotiation,Soft Skills,Yes,80.0,4.0,18.0,80.0,Improvement,62.0
T02230,S2230,Cloud Computing,no,No,80.0,3.0,80.0,80.0,no,0.0
T02231,S2231,AI Fundamentals,no,No,80.0,3.0,80.0,80.0,No Improvement,0.0
T02232,S2232,Negotiation,no,no,80.0,2.0,80.0,80.0,no,0.0
T02233,S2233,Communication Skills,Technical,No,80.0,3.0,80.0,80.0,no,0.0
T02234,S2234,Web Development,Soft Skills,Yes,80.0,6.0,80.0,80.0,Improvement,0.0
T02235,S2235,Cybersecurity,Technical,Yes,80.0,3.0,80.0,80.0,Improvement,0.0
T02236,S2236,Data Science,Technical,no,80.0,3.0,80.0,42.0,No Improvement,-38.0
T02237,S2237,AI Fundamentals,Technical,No,55.0,3.0,80.0,80.0,Improvement,0.0
T02238,S2238,Web Development,Technical,Yes,80.0,3.0,80.0,80.0,Improvement,0.0
T02239,S2239,Cloud Computing,Soft Skills,Yes,80.0,3.0,80.0,80.0,no,0.0
T02240,S2240,Blockchain,no,Yes,80.0,3.0,80.0,84.0,Improvement,4.0
T02241,S2241,Web Development,Technical,No,90.0,3.0,80.0,80.0,no,0.0
T02242,S2242,Python Programming,Soft Skills,no,80.0,1.0,80.0,80.0,no,0.0
T02243,S2243,DevOps,Technical,Yes,80.0,2.0,1.0,80.0,No Improvement,79.0
T02244,S2244,Web Development,Soft Skills,No,80.0,3.0,71.0,80.0,no,9.0
T02245,S2245,Leadership,no,no,80.0,1.0,80.0,15.0,No Improvement,-65.0
T02246,S2246,Python Programming,Technical,No,80.0,3.0,80.0,80.0,Improvement,0.0
T02247,S2247,Blockchain,no,Yes,80.0,3.0,80.0,81.0,Improvement,1.0
T02248,S2248,DevOps,Technical,Yes,80.0,6.0,83.0,37.0,No Improvement,-46.0
T02249,S2249,Cybersecurity,Technical,Yes,80.0,3.0,80.0,80.0,Improvement,0.0
T02250,S2250,no,Technical,No,80.0,6.0,80.0,80.0,Improvement,0.0
T02251,S2251,Communication Skills,Technical,Yes,91.0,4.0,33.0,70.0,no,37.0
T02252,S2252,Web Development,Soft Skills,Yes,84.0,3.0,80.0,80.0,Improvement,0.0
T02253,S2253,Cloud Computing,Soft Skills,no,80.0,3.0,80.0,91.0,Improvement,11.0
T02254,S2254,Blockchain,Technical,Yes,80.0,6.0,80.0,80.0,Improvement,0.0
T02255,S2255,Web Development,Technical,Yes,80.0,5.0,80.0,80.0,Improvement,0.0
T02256,S2256,no,no,Yes,80.0,3.0,80.0,50.0,no,-30.0
T02257,S2257,Negotiation,Technical,Yes,80.0,6.0,80.0,80.0,No Improvement,0.0
T02258,S2258,Data Science,Technical,No,62.0,6.0,97.0,50.0,Improvement,-47.0
T02259,S2259,Cloud Computing,Soft Skills,Yes,80.0,3.0,80.0,80.0,Improvement,0.0
T02260,S2260,IoT Basics,Technical,Yes,76.0,4.0,80.0,80.0,No Improvement,0.0
T02261,S2261,Leadership,Technical,no,59.0,3.0,80.0,80.0,Improvement,0.0
T02262,S2262,DevOps,Soft Skills,Yes,80.0,6.0,80.0,80.0,no,0.0
T02263,S2263,Cloud Computing,Technical,No,80.0,3.0,80.0,80.0,No Improvement,0.0
T02264,S2264,AI Fundamentals,Technical,No,80.0,4.0,17.0,80.0,Improvement,63.0
T02265,S2265,Negotiation,Technical,no,80.0,2.0,80.0,80.0,No Improvement,0.0
T02266,S2266,Web Development,Soft Skills,Yes,80.0,3.0,80.0,80.0,Improvement,0.0
T02267,S2267,Communication Skills,Soft Skills,No,80.0,1.0,80.0,80.0,no,0.0
T02268,S2268,Python Programming,Soft Skills,No,11.0,6.0,90.0,80.0,no,-10.0
T02269,S2269,no,no,Yes,80.0,3.0,80.0,56.0,Improvement,-24.0
T02270,S2270,DevOps,Soft Skills,No,80.0,4.0,80.0,43.0,No Improvement,-37.0
T02271,S2271,Leadership,Technical,no,80.0,4.0,72.0,80.0,Improvement,8.0
T02272,S2272,Leadership,Technical,No,80.0,3.0,80.0,80.0,No Improvement,0.0
T02273,S2273,Communication Skills,Soft Skills,Yes,80.0,6.0,80.0,87.0,no,7.0
T02274,S2274,Communication Skills,Technical,no,80.0,3.0,80.0,80.0,Improvement,0.0
T02275,S2275,Cybersecurity,Soft Skills,Yes,80.0,3.0,80.0,14.0,No Improvement,-66.0
T02276,S2276,Cybersecurity,Soft Skills,Yes,80.0,3.0,80.0,44.0,no,-36.0
T02277,S2277,DevOps,Technical,Yes,80.0,3.0,23.0,97.0,No Improvement,74.0
T02278,S2278,Data Science,Soft Skills,Yes,80.0,3.0,80.0,80.0,Improvement,0.0
T02279,S2279,Web Development,no,No,80.0,6.0,80.0,80.0,No Improvement,0.0
T02280,S2280,Negotiation,Technical,Yes,42.0,6.0,74.0,80.0,No Improvement,6.0
T02281,S2281,IoT Basics,Soft Skills,no,80.0,3.0,80.0,8.0,Improvement,-72.0
T02282,S2282,Cybersecurity,no,No,85.0,3.0,80.0,80.0,no,0.0
T02283,S2283,Negotiation,Soft Skills,no,80.0,3.0,80.0,99.0,Improvement,19.0
T02284,S2284,no,Technical,Yes,80.0,3.0,80.0,58.0,Improvement,-22.0
T02285,S2285,no,Technical,Yes,80.0,3.0,80.0,80.0,No Improvement,0.0
T02286,S2286,Cybersecurity,Technical,Yes,80.0,2.0,80.0,80.0,Improvement,0.0
T02287,S2287,Python Programming,Technical,Yes,80.0,3.0,80.0,80.0,no,0.0
T02288,S2288,Data Science,Technical,No,80.0,3.0,80.0,80.0,no,0.0
T02289,S2289,no,Technical,Yes,80.0,4.0,80.0,80.0,no,0.0
T02290,S2290,Cybersecurity,Technical,No,80.0,3.0,80.0,80.0,no,0.0
T02291,S2291,Communication Skills,Technical,no,80.0,3.0,80.0,80.0,Improvement,0.0
T02292,S2292,Leadership,Technical,No,80.0,4.0,55.0,29.0,no,-26.0
T02293,S2293,DevOps,Technical,No,80.0,4.0,80.0,89.0,Improvement,9.0
T02294,S2294,Cloud Computing,Soft Skills,Yes,70.0,2.0,80.0,80.0,Improvement,0.0
T02295,S2295,Python Programming,Soft Skills,no,80.0,3.0,85.0,80.0,Improvement,-5.0
T02296,S2296,Data Science,Technical,Yes,80.0,3.0,80.0,76.0,No Improvement,-4.0
T02297,S2297,no,no,Yes,80.0,6.0,80.0,80.0,No Improvement,0.0
T02298,S2298,Data Science,Technical,Yes,68.0,6.0,80.0,80.0,no,0.0
T02299,S2299,DevOps,Soft Skills,Yes,80.0,3.0,80.0,80.0,no,0.0
T02300,S2300,Negotiation,no,Yes,80.0,6.0,80.0,80.0,No Improvement,0.0
T02301,S2301,Negotiation,Soft Skills,no,80.0,2.0,80.0,59.0,Improvement,-21.0
T02302,S2302,Python Programming,no,No,41.0,6.0,80.0,80.0,no,0.0
T02303,S2303,Cybersecurity,no,No,80.0,6.0,80.0,80.0,no,0.0
T02304,S2304,Leadership,Technical,no,80.0,6.0,80.0,80.0,No Improvement,0.0
T02305,S2305,Negotiation,Technical,Yes,80.0,1.0,80.0,80.0,Improvement,0.0
T02306,S2306,Communication Skills,Soft Skills,no,80.0,3.0,80.0,80.0,Improvement,0.0
T02307,S2307,Leadership,Technical,no,80.0,6.0,80.0,80.0,no,0.0
T02308,S2308,no,no,No,78.0,3.0,80.0,80.0,Improvement,0.0
T02309,S2309,Cybersecurity,Soft Skills,Yes,80.0,3.0,80.0,80.0,no,0.0
T02310,S2310,DevOps,Technical,Yes,80.0,3.0,5.0,80.0,no,75.0
T02311,S2311,Blockchain,Technical,No,80.0,3.0,80.0,80.0,No Improvement,0.0
T02312,S2312,no,Technical,Yes,80.0,1.0,80.0,83.0,Improvement,3.0
T02313,S2313,Web Development,Technical,no,80.0,6.0,80.0,80.0,no,0.0
T02314,S2314,Blockchain,Technical,Yes,80.0,6.0,52.0,80.0,No Improvement,28.0
T02315,S2315,AI Fundamentals,no,No,80.0,3.0,80.0,80.0,Improvement,0.0
T02316,S2316,Python Programming,no,Yes,80.0,2.0,80.0,80.0,no,0.0
T02317,S2317,IoT Basics,Soft Skills,no,90.0,3.0,80.0,80.0,Improvement,0.0
T02318,S2318,Leadership,Technical,Yes,80.0,3.0,80.0,80.0,Improvement,0.0
T02319,S2319,AI Fundamentals,Technical,Yes,28.0,3.0,80.0,80.0,no,0.0
T02320,S2320,AI Fundamentals,Technical,Yes,80.0,4.0,80.0,80.0,no,0.0
T02321,S2321,Cybersecurity,Technical,No,80.0,3.0,23.0,92.0,no,69.0
T02322,S2322,no,Soft Skills,Yes,80.0,3.0,80.0,80.0,Improvement,0.0
T02323,S2323,Communication Skills,Soft Skills,no,80.0,3.0,80.0,51.0,No Improvement,-29.0
T02324,S2324,Negotiation,Soft Skills,no,80.0,3.0,67.0,80.0,Improvement,13.0
T02325,S2325,Negotiation,Soft Skills,No,80.0,3.0,80.0,80.0,No Improvement,0.0
T02326,S2326,AI Fundamentals,Technical,Yes,80.0,3.0,80.0,80.0,Improvement,0.0
T02327,S2327,Negotiation,Soft Skills,No,80.0,6.0,80.0,80.0,Improvement,0.0
T02328,S2328,AI Fundamentals,Soft Skills,No,6.0,3.0,48.0,62.0,Improvement,14.0
T02329,S2329,no,Soft Skills,No,80.0,5.0,80.0,80.0,no,0.0
T02330,S2330,Blockchain,no,Yes,15.0,6.0,80.0,80.0,Improvement,0.0
T02331,S2331,Cloud Computing,Soft Skills,No,80.0,3.0,80.0,80.0,no,0.0
T02332,S2332,Negotiation,Technical,No,80.0,4.0,73.0,9.0,no,-64.0
T02333,S2333,IoT Basics,no,No,80.0,4.0,80.0,80.0,no,0.0
T02334,S2334,Python Programming,Soft Skills,Yes,75.0,3.0,80.0,80.0,no,0.0
T02335,S2335,AI Fundamentals,Soft Skills,No,80.0,3.0,80.0,80.0,no,0.0
T02336,S2336,Leadership,Soft Skills,Yes,80.0,6.0,80.0,80.0,Improvement,0.0
T02337,S2337,Python Programming,Soft Skills,Yes,75.0,2.0,80.0,80.0,Improvement,0.0
T02338,S2338,Leadership,Soft Skills,No,80.0,3.0,77.0,64.0,no,-13.0
T02339,S2339,IoT Basics,Technical,Yes,80.0,6.0,80.0,80.0,no,0.0
T02340,S2340,IoT Basics,Soft Skills,No,80.0,3.0,80.0,80.0,No Improvement,0.0
T02341,S2341,Cloud Computing,Technical,Yes,28.0,6.0,80.0,80.0,Improvement,0.0
T02342,S2342,Python Programming,Technical,No,80.0,3.0,80.0,35.0,Improvement,-45.0
T02343,S2343,IoT Basics,Soft Skills,Yes,88.0,3.0,80.0,80.0,no,0.0
T02344,S2344,Leadership,Soft Skills,No,80.0,6.0,80.0,80.0,Improvement,0.0
T02345,S2345,IoT Basics,Technical,Yes,80.0,3.0,80.0,80.0,no,0.0
T02346,S2346,Blockchain,Technical,Yes,80.0,3.0,80.0,80.0,no,0.0
T02347,S2347,Web Development,Soft Skills,Yes,80.0,6.0,30.0,80.0,no,50.0
T02348,S2348,Negotiation,Technical,Yes,80.0,3.0,80.0,80.0,no,0.0
T02349,S2349,Python Programming,Technical,Yes,51.0,5.0,80.0,36.0,no,-44.0
T02350,S2350,Python Programming,no,No,80.0,3.0,80.0,80.0,Improvement,0.0
T02351,S2351,no,Soft Skills,No,80.0,3.0,80.0,80.0,No Improvement,0.0
T02352,S2352,Web Development,Soft Skills,No,80.0,6.0,30.0,68.0,no,38.0
T02353,S2353,IoT Basics,Technical,No,80.0,4.0,80.0,80.0,Improvement,0.0
T02354,S2354,Web Development,Technical,No,80.0,4.0,80.0,10.0,No Improvement,-70.0
T02355,S2355,Web Development,no,No,80.0,6.0,80.0,80.0,no,0.0
T02356,S2356,IoT Basics,Soft Skills,No,80.0,3.0,80.0,80.0,Improvement,0.0
T02357,S2357,AI Fundamentals,Soft Skills,No,80.0,4.0,80.0,80.0,No Improvement,0.0
T02358,S2358,Web Development,Technical,No,80.0,6.0,21.0,80.0,Improvement,59.0
T02359,S2359,Communication Skills,Technical,Yes,80.0,6.0,98.0,80.0,no,-18.0
T02360,S2360,IoT Basics,Soft Skills,No,80.0,6.0,80.0,80.0,Improvement,0.0
T02361,S2361,Blockchain,Technical,Yes,80.0,6.0,80.0,80.0,no,0.0
T02362,S2362,Cloud Computing,no,Yes,80.0,3.0,54.0,80.0,no,26.0
T02363,S2363,Cybersecurity,no,Yes,80.0,5.0,80.0,80.0,Improvement,0.0
T02364,S2364,Cybersecurity,no,No,80.0,6.0,80.0,64.0,No Improvement,-16.0
T02365,S2365,Communication Skills,Technical,No,80.0,3.0,57.0,80.0,no,23.0
T02366,S2366,Web Development,no,No,80.0,3.0,80.0,25.0,Improvement,-55.0
T02367,S2367,Data Science,no,no,76.0,3.0,80.0,80.0,Improvement,0.0
T02368,S2368,no,no,no,92.0,6.0,51.0,80.0,Improvement,29.0
T02369,S2369,Web Development,Soft Skills,Yes,10.0,6.0,80.0,80.0,no,0.0
T02370,S2370,Python Programming,Soft Skills,Yes,80.0,3.0,80.0,80.0,Improvement,0.0
T02371,S2371,Python Programming,Soft Skills,Yes,80.0,3.0,80.0,80.0,no,0.0
T02372,S2372,Blockchain,Technical,no,80.0,3.0,80.0,91.0,Improvement,11.0
T02373,S2373,no,no,No,80.0,3.0,80.0,16.0,No Improvement,-64.0
T02374,S2374,Cloud Computing,Technical,Yes,77.0,2.0,15.0,52.0,Improvement,37.0
T02375,S2375,Blockchain,Soft Skills,Yes,80.0,3.0,80.0,80.0,Improvement,0.0
T02376,S2376,Cloud Computing,Technical,No,80.0,6.0,20.0,80.0,Improvement,60.0
T02377,S2377,Blockchain,Soft Skills,Yes,80.0,6.0,80.0,80.0,Improvement,0.0
T02378,S2378,Data Science,Soft Skills,No,80.0,3.0,80.0,39.0,no,-41.0
T02379,S2379,no,Soft Skills,No,80.0,3.0,80.0,80.0,no,0.0
T02380,S2380,no,Technical,no,95.0,4.0,80.0,80.0,no,0.0
T02381,S2381,DevOps,Soft Skills,Yes,80.0,1.0,80.0,80.0,no,0.0
T02382,S2382,Blockchain,no,Yes,80.0,3.0,80.0,80.0,No Improvement,0.0
T02383,S2383,Blockchain,Soft Skills,Yes,100.0,5.0,80.0,59.0,no,-21.0
T02384,S2384,Cloud Computing,Soft Skills,No,80.0,3.0,80.0,80.0,no,0.0
T02385,S2385,Cybersecurity,Soft Skills,Yes,80.0,3.0,80.0,80.0,Improvement,0.0
T02386,S2386,no,Technical,No,80.0,2.0,80.0,80.0,No Improvement,0.0
T02387,S2387,Web Development,Technical,no,80.0,6.0,80.0,80.0,No Improvement,0.0
T02388,S2388,Web Development,Technical,No,80.0,3.0,80.0,80.0,no,0.0
T02389,S2389,Web Development,no,No,80.0,3.0,80.0,80.0,no,0.0
T02390,S2390,Cloud Computing,Soft Skills,Yes,80.0,4.0,80.0,80.0,Improvement,0.0
T02391,S2391,Cloud Computing,Technical,Yes,80.0,5.0,80.0,80.0,no,0.0
T02392,S2392,Data Science,Technical,Yes,80.0,5.0,41.0,80.0,Improvement,39.0
T02393,S2393,Cybersecurity,no,Yes,80.0,1.0,14.0,80.0,No Improvement,66.0
T02394,S2394,AI Fundamentals,Soft Skills,Yes,80.0,6.0,80.0,80.0,no,0.0
T02395,S2395,Data Science,Soft Skills,No,97.0,3.0,80.0,80.0,no,0.0
T02396,S2396,DevOps,no,No,80.0,3.0,80.0,80.0,Improvement,0.0
T02397,S2397,no,Soft Skills,No,73.0,3.0,80.0,80.0,Improvement,0.0
T02398,S2398,DevOps,no,No,80.0,6.0,80.0,80.0,no,0.0
T02399,S2399,Python Programming,Soft Skills,No,80.0,2.0,80.0,43.0,Improvement,-37.0
T02400,S2400,no,no,Yes,80.0,6.0,80.0,80.0,no,0.0
T02401,S2401,DevOps,no,No,80.0,3.0,78.0,80.0,Improvement,2.0
T02402,S2402,Python Programming,Technical,Yes,98.0,4.0,4.0,80.0,Improvement,76.0
T02403,S2403,Web Development,Soft Skills,Yes,9.0,3.0,49.0,80.0,no,31.0
T02404,S2404,Data Science,no,No,80.0,6.0,80.0,43.0,Improvement,-37.0
T02405,S2405,IoT Basics,no,Yes,80.0,6.0,80.0,80.0,No Improvement,0.0
T02406,S2406,Python Programming,Technical,Yes,86.0,6.0,80.0,80.0,no,0.0
T02407,S2407,DevOps,no,no,77.0,6.0,80.0,80.0,no,0.0
T02408,S2408,Blockchain,Soft Skills,Yes,80.0,6.0,80.0,80.0,no,0.0
T02409,S2409,no,no,Yes,80.0,6.0,80.0,80.0,Improvement,0.0
T02410,S2410,Cybersecurity,Soft Skills,Yes,4.0,6.0,80.0,80.0,Improvement,0.0
T02411,S2411,Leadership,Technical,No,97.0,3.0,80.0,80.0,Improvement,0.0
T02412,S2412,no,Soft Skills,Yes,80.0,3.0,80.0,80.0,No Improvement,0.0
T02413,S2413,Web Development,Soft Skills,Yes,80.0,3.0,80.0,80.0,no,0.0
T02414,S2414,Blockchain,Soft Skills,no,80.0,3.0,80.0,42.0,no,-38.0
T02415,S2415,DevOps,Technical,Yes,29.0,5.0,80.0,80.0,no,0.0
T02416,S2416,Data Science,Technical,Yes,28.0,3.0,80.0,80.0,no,0.0
T02417,S2417,Communication Skills,Technical,Yes,80.0,5.0,80.0,80.0,Improvement,0.0
T02418,S2418,Data Science,Soft Skills,No,80.0,3.0,80.0,84.0,No Improvement,4.0
T02419,S2419,Communication Skills,Soft Skills,Yes,80.0,3.0,20.0,80.0,No Improvement,60.0
T02420,S2420,Cybersecurity,Soft Skills,Yes,80.0,6.0,80.0,80.0,Improvement,0.0
T02421,S2421,Cybersecurity,Technical,Yes,80.0,3.0,80.0,80.0,no,0.0
T02422,S2422,Communication Skills,Soft Skills,No,80.0,3.0,80.0,71.0,no,-9.0
T02423,S2423,AI Fundamentals,Technical,Yes,3.0,3.0,80.0,12.0,Improvement,-68.0
T02424,S2424,AI Fundamentals,Soft Skills,Yes,80.0,3.0,80.0,49.0,Improvement,-31.0
T02425,S2425,Blockchain,Soft Skills,No,80.0,4.0,80.0,80.0,No Improvement,0.0
T02426,S2426,Blockchain,no,Yes,51.0,3.0,19.0,37.0,No Improvement,18.0
T02427,S2427,Cloud Computing,no,No,80.0,3.0,80.0,80.0,No Improvement,0.0
T02428,S2428,Cloud Computing,Soft Skills,Yes,80.0,3.0,80.0,80.0,Improvement,0.0
T02429,S2429,Cloud Computing,Soft Skills,Yes,80.0,3.0,22.0,80.0,Improvement,58.0
T02430,S2430,no,Technical,Yes,63.0,3.0,5.0,80.0,Improvement,75.0
T02431,S2431,Communication Skills,no,No,80.0,3.0,95.0,51.0,no,-44.0
T02432,S2432,IoT Basics,Soft Skills,Yes,80.0,6.0,80.0,80.0,Improvement,0.0
T02433,S2433,AI Fundamentals,Technical,No,80.0,3.0,80.0,80.0,Improvement,0.0
T02434,S2434,Data Science,Soft Skills,No,80.0,6.0,50.0,80.0,Improvement,30.0
T02435,S2435,Python Programming,Soft Skills,Yes,80.0,6.0,80.0,56.0,no,-24.0
T02436,S2436,Data Science,Soft Skills,No,80.0,3.0,12.0,49.0,No Improvement,37.0
T02437,S2437,no,Soft Skills,no,92.0,6.0,80.0,66.0,no,-14.0
T02438,S2438,AI Fundamentals,Soft Skills,Yes,80.0,6.0,80.0,80.0,Improvement,0.0
T02439,S2439,Cloud Computing,Technical,No,80.0,3.0,80.0,32.0,Improvement,-48.0
T02440,S2440,no,no,no,80.0,3.0,80.0,99.0,No Improvement,19.0
T02441,S2441,Cloud Computing,Technical,Yes,80.0,5.0,80.0,80.0,no,0.0
T02442,S2442,Web Development,Technical,Yes,80.0,3.0,80.0,80.0,no,0.0
T02443,S2443,Web Development,Soft Skills,Yes,80.0,3.0,41.0,80.0,no,39.0
T02444,S2444,Web Development,Technical,Yes,80.0,1.0,80.0,80.0,no,0.0
T02445,S2445,Leadership,Soft Skills,Yes,80.0,3.0,80.0,47.0,No Improvement,-33.0
T02446,S2446,Leadership,no,Yes,62.0,3.0,80.0,80.0,no,0.0
T02447,S2447,Communication Skills,Technical,no,80.0,5.0,39.0,80.0,no,41.0
T02448,S2448,no,no,No,23.0,6.0,80.0,80.0,Improvement,0.0
T02449,S2449,DevOps,Technical,Yes,80.0,3.0,80.0,80.0,no,0.0
T02450,S2450,AI Fundamentals,Soft Skills,Yes,80.0,2.0,17.0,80.0,No Improvement,63.0
T02451,S2451,Leadership,Technical,no,99.0,3.0,80.0,80.0,no,0.0
T02452,S2452,DevOps,Soft Skills,no,80.0,6.0,80.0,80.0,Improvement,0.0
T02453,S2453,IoT Basics,Soft Skills,Yes,80.0,6.0,80.0,80.0,no,0.0
T02454,S2454,DevOps,Soft Skills,Yes,98.0,3.0,80.0,80.0,no,0.0
T02455,S2455,Web Development,Technical,No,80.0,4.0,24.0,80.0,Improvement,56.0
T02456,S2456,no,Technical,no,4.0,2.0,80.0,80.0,Improvement,0.0
T02457,S2457,DevOps,Technical,No,80.0,6.0,72.0,80.0,No Improvement,8.0
T02458,S2458,Blockchain,Soft Skills,No,80.0,6.0,80.0,80.0,Improvement,0.0
T02459,S2459,Web Development,Soft Skills,Yes,80.0,6.0,80.0,80.0,Improvement,0.0
T02460,S2460,Cloud Computing,no,Yes,31.0,6.0,80.0,80.0,No Improvement,0.0
T02461,S2461,Leadership,Soft Skills,No,72.0,3.0,80.0,80.0,Improvement,0.0
T02462,S2462,AI Fundamentals,Technical,No,80.0,3.0,80.0,80.0,Improvement,0.0
T02463,S2463,Cloud Computing,no,no,80.0,1.0,32.0,80.0,No Improvement,48.0
T02464,S2464,Communication Skills,no,no,80.0,5.0,84.0,16.0,No Improvement,-68.0
T02465,S2465,Data Science,no,No,28.0,4.0,55.0,80.0,No Improvement,25.0
T02466,S2466,Blockchain,Technical,Yes,14.0,3.0,76.0,80.0,no,4.0
T02467,S2467,IoT Basics,no,no,7.0,1.0,80.0,80.0,no,0.0
T02468,S2468,Python Programming,no,Yes,80.0,6.0,49.0,80.0,no,31.0
T02469,S2469,Cloud Computing,Technical,No,80.0,3.0,80.0,84.0,Improvement,4.0
T02470,S2470,Python Programming,no,Yes,80.0,6.0,80.0,80.0,no,0.0
T02471,S2471,Web Development,Soft Skills,Yes,80.0,3.0,95.0,82.0,Improvement,-13.0
T02472,S2472,DevOps,Soft Skills,Yes,80.0,3.0,70.0,80.0,Improvement,10.0
T02473,S2473,Negotiation,no,Yes,80.0,3.0,80.0,9.0,no,-71.0
T02474,S2474,Cybersecurity,no,no,80.0,3.0,80.0,80.0,Improvement,0.0
T02475,S2475,Data Science,Technical,no,80.0,3.0,80.0,71.0,no,-9.0
T02476,S2476,DevOps,Soft Skills,Yes,80.0,3.0,80.0,80.0,Improvement,0.0
T02477,S2477,Data Science,Soft Skills,Yes,80.0,3.0,33.0,80.0,No Improvement,47.0
T02478,S2478,Negotiation,Technical,Yes,80.0,5.0,79.0,80.0,Improvement,1.0
T02479,S2479,Cloud Computing,Technical,No,80.0,3.0,80.0,89.0,No Improvement,9.0
T02480,S2480,Data Science,Technical,Yes,80.0,3.0,80.0,80.0,Improvement,0.0
T02481,S2481,Web Development,Soft Skills,Yes,38.0,5.0,80.0,80.0,no,0.0
T02482,S2482,no,Soft Skills,Yes,27.0,3.0,80.0,80.0,Improvement,0.0
T02483,S2483,Web Development,Technical,Yes,80.0,3.0,80.0,80.0,Improvement,0.0
T02484,S2484,Python Programming,Soft Skills,no,80.0,4.0,80.0,80.0,No Improvement,0.0
T02485,S2485,Cloud Computing,Technical,Yes,33.0,6.0,80.0,80.0,no,0.0
T02486,S2486,Communication Skills,Soft Skills,No,80.0,3.0,80.0,11.0,Improvement,-69.0
T02487,S2487,no,Technical,No,80.0,6.0,80.0,80.0,No Improvement,0.0
T02488,S2488,Web Development,Soft Skills,Yes,80.0,6.0,80.0,34.0,Improvement,-46.0
T02489,S2489,Data Science,Soft Skills,Yes,80.0,3.0,90.0,80.0,Improvement,-10.0
T02490,S2490,Python Programming,Technical,Yes,80.0,3.0,80.0,80.0,Improvement,0.0
T02491,S2491,Python Programming,Technical,No,68.0,3.0,80.0,80.0,No Improvement,0.0
T02492,S2492,DevOps,Technical,no,80.0,3.0,80.0,38.0,no,-42.0
T02493,S2493,Python Programming,Technical,no,80.0,3.0,80.0,80.0,Improvement,0.0
T02494,S2494,AI Fundamentals,Soft Skills,no,46.0,6.0,80.0,80.0,no,0.0
T02495,S2495,Leadership,Technical,No,80.0,6.0,80.0,44.0,Improvement,-36.0
T02496,S2496,Python Programming,Technical,Yes,80.0,3.0,80.0,32.0,No Improvement,-48.0
T02497,S2497,Blockchain,Soft Skills,no,80.0,1.0,80.0,80.0,no,0.0
T02498,S2498,no,no,No,80.0,3.0,80.0,65.0,No Improvement,-15.0
T02499,S2499,Data Science,Soft Skills,No,96.0,6.0,80.0,80.0,no,0.0
T02500,S2500,Web Development,Technical,Yes,80.0,3.0,80.0,80.0,No Improvement,0.0
T02501,S2501,Cloud Computing,Soft Skills,No,80.0,3.0,80.0,80.0,no,0.0
T02502,S2502,IoT Basics,Soft Skills,Yes,80.0,6.0,80.0,80.0,No Improvement,0.0
T02503,S2503,Negotiation,no,no,80.0,3.0,80.0,80.0,no,0.0
T02504,S2504,Python Programming,Technical,Yes,79.0,6.0,80.0,80.0,No Improvement,0.0
T02505,S2505,Negotiation,Technical,Yes,80.0,6.0,80.0,80.0,No Improvement,0.0
T02506,S2506,Leadership,Soft Skills,No,80.0,1.0,80.0,80.0,Improvement,0.0
T02507,S2507,DevOps,Soft Skills,No,4.0,3.0,44.0,80.0,Improvement,36.0
T02508,S2508,Negotiation,Soft Skills,Yes,94.0,4.0,80.0,80.0,No Improvement,0.0
T02509,S2509,no,no,Yes,0.0,3.0,80.0,80.0,No Improvement,0.0
T02510,S2510,Cybersecurity,Technical,No,80.0,3.0,80.0,80.0,no,0.0
T02511,S2511,DevOps,Soft Skills,Yes,80.0,3.0,32.0,80.0,no,48.0
T02512,S2512,Web Development,Soft Skills,Yes,80.0,3.0,55.0,32.0,Improvement,-23.0
T02513,S2513,Negotiation,no,Yes,95.0,3.0,80.0,80.0,Improvement,0.0
T02514,S2514,Cybersecurity,Technical,No,80.0,3.0,80.0,80.0,Improvement,0.0
T02515,S2515,Blockchain,no,Yes,80.0,3.0,80.0,80.0,no,0.0
T02516,S2516,Python Programming,Technical,No,43.0,3.0,80.0,80.0,no,0.0
T02517,S2517,Python Programming,Technical,No,80.0,3.0,29.0,80.0,Improvement,51.0
T02518,S2518,Communication Skills,no,Yes,80.0,3.0,80.0,80.0,Improvement,0.0
T02519,S2519,Cybersecurity,Technical,no,80.0,6.0,80.0,80.0,No Improvement,0.0
T02520,S2520,Data Science,Soft Skills,No,77.0,3.0,13.0,84.0,no,71.0
T02521,S2521,Data Science,Technical,no,80.0,6.0,80.0,80.0,Improvement,0.0
T02522,S2522,Blockchain,Technical,no,89.0,6.0,80.0,80.0,Improvement,0.0
T02523,S2523,Web Development,Technical,no,42.0,5.0,80.0,13.0,No Improvement,-67.0
T02524,S2524,Cloud Computing,Technical,No,80.0,6.0,80.0,80.0,no,0.0
T02525,S2525,no,Soft Skills,Yes,80.0,2.0,67.0,24.0,Improvement,-43.0
T02526,S2526,IoT Basics,Technical,No,80.0,3.0,80.0,80.0,Improvement,0.0
T02527,S2527,Cybersecurity,Technical,No,80.0,6.0,69.0,80.0,Improvement,11.0
T02528,S2528,Communication Skills,Technical,No,80.0,3.0,80.0,80.0,No Improvement,0.0
T02529,S2529,IoT Basics,Soft Skills,Yes,80.0,6.0,80.0,80.0,Improvement,0.0
T02530,S2530,AI Fundamentals,Technical,Yes,80.0,3.0,80.0,37.0,No Improvement,-43.0
T02531,S2531,Data Science,Soft Skills,Yes,80.0,6.0,80.0,80.0,Improvement,0.0
T02532,S2532,DevOps,Technical,Yes,91.0,3.0,80.0,86.0,No Improvement,6.0
T02533,S2533,Data Science,Soft Skills,no,80.0,6.0,80.0,80.0,No Improvement,0.0
T02534,S2534,AI Fundamentals,no,Yes,17.0,6.0,91.0,80.0,Improvement,-11.0
T02535,S2535,Cloud Computing,Technical,no,80.0,3.0,73.0,80.0,no,7.0
T02536,S2536,Python Programming,Technical,Yes,80.0,6.0,80.0,80.0,Improvement,0.0
T02537,S2537,AI Fundamentals,Technical,Yes,58.0,4.0,80.0,80.0,Improvement,0.0
T02538,S2538,Web Development,Technical,No,80.0,6.0,80.0,67.0,no,-13.0
T02539,S2539,Cloud Computing,Soft Skills,No,80.0,3.0,80.0,4.0,no,-76.0
T02540,S2540,no,Soft Skills,no,80.0,3.0,80.0,100.0,no,20.0
T02541,S2541,AI Fundamentals,Soft Skills,Yes,46.0,3.0,63.0,80.0,No Improvement,17.0
T02542,S2542,Python Programming,Technical,Yes,53.0,3.0,80.0,80.0,no,0.0
T02543,S2543,Data Science,no,Yes,4.0,3.0,80.0,61.0,Improvement,-19.0
T02544,S2544,Data Science,Soft Skills,No,80.0,3.0,80.0,80.0,No Improvement,0.0
T02545,S2545,Python Programming,Soft Skills,Yes,63.0,5.0,80.0,80.0,no,0.0
T02546,S2546,no,Soft Skills,No,80.0,3.0,80.0,80.0,Improvement,0.0
T02547,S2547,DevOps,Technical,Yes,27.0,6.0,10.0,80.0,no,70.0
T02548,S2548,AI Fundamentals,Technical,Yes,95.0,2.0,80.0,80.0,Improvement,0.0
T02549,S2549,Web Development,Soft Skills,Yes,80.0,6.0,43.0,80.0,Improvement,37.0
T02550,S2550,Leadership,Technical,Yes,80.0,2.0,46.0,80.0,no,34.0
T02551,S2551,Blockchain,Soft Skills,No,80.0,3.0,63.0,60.0,Improvement,-3.0
T02552,S2552,Python Programming,no,no,80.0,3.0,79.0,80.0,Improvement,1.0
T02553,S2553,Communication Skills,Technical,Yes,22.0,4.0,80.0,80.0,No Improvement,0.0
T02554,S2554,Blockchain,Technical,Yes,80.0,6.0,38.0,21.0,Improvement,-17.0
T02555,S2555,AI Fundamentals,Technical,Yes,80.0,3.0,80.0,46.0,no,-34.0
T02556,S2556,DevOps,no,Yes,80.0,3.0,80.0,80.0,Improvement,0.0
T02557,S2557,DevOps,Technical,Yes,80.0,3.0,80.0,98.0,no,18.0
T02558,S2558,Python Programming,Technical,No,80.0,3.0,80.0,95.0,no,15.0
T02559,S2559,Data Science,Technical,No,80.0,1.0,80.0,80.0,Improvement,0.0
T02560,S2560,Negotiation,Technical,No,99.0,3.0,96.0,56.0,no,-40.0
T02561,S2561,Data Science,Technical,Yes,80.0,3.0,80.0,7.0,no,-73.0
T02562,S2562,Negotiation,Soft Skills,Yes,96.0,6.0,80.0,80.0,Improvement,0.0
T02563,S2563,DevOps,Technical,Yes,80.0,3.0,80.0,80.0,Improvement,0.0
T02564,S2564,no,Soft Skills,No,80.0,3.0,10.0,63.0,Improvement,53.0
T02565,S2565,Python Programming,Soft Skills,No,80.0,5.0,80.0,80.0,no,0.0
T02566,S2566,IoT Basics,Technical,no,80.0,3.0,53.0,80.0,No Improvement,27.0
T02567,S2567,Communication Skills,Soft Skills,Yes,80.0,3.0,75.0,80.0,no,5.0
T02568,S2568,Cloud Computing,Technical,Yes,80.0,3.0,80.0,80.0,Improvement,0.0
T02569,S2569,Communication Skills,Soft Skills,no,80.0,3.0,80.0,80.0,no,0.0
T02570,S2570,Data Science,Soft Skills,Yes,68.0,3.0,80.0,80.0,no,0.0
T02571,S2571,Cybersecurity,no,Yes,80.0,3.0,80.0,31.0,no,-49.0
T02572,S2572,AI Fundamentals,Technical,No,80.0,3.0,80.0,98.0,no,18.0
T02573,S2573,Blockchain,no,No,80.0,6.0,80.0,80.0,no,0.0
T02574,S2574,Communication Skills,no,Yes,80.0,3.0,80.0,67.0,Improvement,-13.0
T02575,S2575,IoT Basics,Soft Skills,Yes,80.0,3.0,93.0,80.0,No Improvement,-13.0
T02576,S2576,Data Science,Soft Skills,no,0.0,3.0,80.0,80.0,Improvement,0.0
T02577,S2577,Cloud Computing,Soft Skills,Yes,80.0,4.0,80.0,51.0,Improvement,-29.0
T02578,S2578,no,Technical,Yes,80.0,3.0,80.0,80.0,no,0.0
T02579,S2579,Cybersecurity,Soft Skills,No,80.0,3.0,80.0,80.0,no,0.0
T02580,S2580,IoT Basics,Technical,Yes,80.0,2.0,80.0,80.0,no,0.0
T02581,S2581,Blockchain,Soft Skills,Yes,80.0,3.0,54.0,27.0,Improvement,-27.0
T02582,S2582,AI Fundamentals,no,Yes,80.0,6.0,57.0,12.0,Improvement,-45.0
T02583,S2583,DevOps,Soft Skills,No,80.0,3.0,80.0,91.0,Improvement,11.0
T02584,S2584,DevOps,Soft Skills,Yes,80.0,3.0,80.0,80.0,no,0.0
T02585,S2585,AI Fundamentals,Technical,Yes,11.0,3.0,80.0,80.0,Improvement,0.0
T02586,S2586,IoT Basics,Soft Skills,Yes,80.0,3.0,80.0,12.0,no,-68.0
T02587,S2587,Negotiation,Technical,Yes,80.0,3.0,45.0,80.0,no,35.0
T02588,S2588,no,Technical,Yes,80.0,3.0,80.0,80.0,Improvement,0.0
T02589,S2589,Negotiation,Technical,Yes,80.0,3.0,80.0,80.0,No Improvement,0.0
T02590,S2590,no,Technical,Yes,80.0,3.0,80.0,80.0,No Improvement,0.0
T02591,S2591,Communication Skills,Soft Skills,no,80.0,3.0,87.0,80.0,No Improvement,-7.0
T02592,S2592,Data Science,Technical,Yes,80.0,3.0,80.0,80.0,Improvement,0.0
T02593,S2593,Cloud Computing,Soft Skills,no,80.0,1.0,80.0,80.0,Improvement,0.0
T02594,S2594,Cloud Computing,no,No,80.0,6.0,80.0,80.0,no,0.0
T02595,S2595,Leadership,Soft Skills,no,39.0,3.0,80.0,76.0,No Improvement,-4.0
T02596,S2596,Cybersecurity,no,Yes,80.0,6.0,80.0,80.0,Improvement,0.0
T02597,S2597,Leadership,Technical,Yes,80.0,3.0,80.0,80.0,no,0.0
T02598,S2598,Communication Skills,Technical,no,21.0,3.0,42.0,80.0,No Improvement,38.0
T02599,S2599,Leadership,Soft Skills,No,80.0,3.0,80.0,80.0,no,0.0
T02600,S2600,DevOps,Technical,No,77.0,3.0,20.0,80.0,Improvement,60.0
T02601,S2601,AI Fundamentals,Technical,No,65.0,3.0,80.0,80.0,Improvement,0.0
T02602,S2602,no,Technical,Yes,80.0,6.0,80.0,80.0,no,0.0
T02603,S2603,Web Development,no,No,80.0,6.0,36.0,80.0,No Improvement,44.0
T02604,S2604,DevOps,Soft Skills,Yes,67.0,3.0,80.0,80.0,No Improvement,0.0
T02605,S2605,Blockchain,Soft Skills,No,80.0,4.0,21.0,85.0,Improvement,64.0
T02606,S2606,Negotiation,Technical,Yes,80.0,3.0,80.0,12.0,no,-68.0
T02607,S2607,Web Development,Soft Skills,no,80.0,3.0,15.0,75.0,No Improvement,60.0
T02608,S2608,no,no,Yes,80.0,3.0,80.0,80.0,Improvement,0.0
T02609,S2609,Web Development,no,Yes,80.0,6.0,80.0,32.0,no,-48.0
T02610,S2610,Blockchain,Technical,No,80.0,3.0,80.0,41.0,no,-39.0
T02611,S2611,no,Technical,no,85.0,3.0,80.0,80.0,Improvement,0.0
T02612,S2612,Leadership,Technical,Yes,70.0,3.0,74.0,80.0,no,6.0
T02613,S2613,AI Fundamentals,Soft Skills,Yes,80.0,3.0,57.0,80.0,no,23.0
T02614,S2614,DevOps,Soft Skills,Yes,80.0,3.0,80.0,90.0,No Improvement,10.0
T02615,S2615,Leadership,Soft Skills,Yes,80.0,3.0,55.0,80.0,Improvement,25.0
T02616,S2616,Blockchain,Soft Skills,Yes,80.0,2.0,80.0,80.0,Improvement,0.0
T02617,S2617,Cybersecurity,no,Yes,73.0,2.0,80.0,80.0,Improvement,0.0
T02618,S2618,Leadership,Technical,Yes,80.0,6.0,60.0,80.0,No Improvement,20.0
T02619,S2619,Data Science,Soft Skills,No,80.0,3.0,80.0,80.0,No Improvement,0.0
T02620,S2620,Blockchain,no,Yes,80.0,3.0,80.0,80.0,no,0.0
T02621,S2621,AI Fundamentals,Technical,Yes,80.0,3.0,80.0,80.0,no,0.0
T02622,S2622,Cloud Computing,Soft Skills,Yes,80.0,6.0,80.0,41.0,Improvement,-39.0
T02623,S2623,Blockchain,Technical,No,80.0,6.0,80.0,80.0,Improvement,0.0
T02624,S2624,Python Programming,Technical,Yes,80.0,3.0,80.0,80.0,Improvement,0.0
T02625,S2625,IoT Basics,Technical,Yes,55.0,5.0,80.0,80.0,Improvement,0.0
T02626,S2626,AI Fundamentals,Soft Skills,No,80.0,6.0,80.0,80.0,No Improvement,0.0
T02627,S2627,Web Development,Technical,No,32.0,3.0,80.0,80.0,No Improvement,0.0
T02628,S2628,Web Development,Soft Skills,Yes,80.0,3.0,80.0,80.0,Improvement,0.0
T02629,S2629,DevOps,Technical,No,80.0,5.0,61.0,80.0,No Improvement,19.0
T02630,S2630,Cloud Computing,no,No,80.0,6.0,76.0,47.0,Improvement,-29.0
T02631,S2631,Negotiation,no,No,80.0,3.0,80.0,80.0,no,0.0
T02632,S2632,Blockchain,Soft Skills,Yes,80.0,3.0,60.0,99.0,Improvement,39.0
T02633,S2633,IoT Basics,Technical,Yes,80.0,3.0,80.0,80.0,Improvement,0.0
T02634,S2634,Cybersecurity,Technical,No,41.0,3.0,80.0,80.0,Improvement,0.0
T02635,S2635,Cloud Computing,Technical,Yes,80.0,2.0,80.0,80.0,No Improvement,0.0
T02636,S2636,DevOps,Soft Skills,No,80.0,3.0,17.0,80.0,No Improvement,63.0
T02637,S2637,Communication Skills,Soft Skills,no,66.0,3.0,80.0,80.0,no,0.0
T02638,S2638,Blockchain,Technical,no,80.0,6.0,80.0,80.0,Improvement,0.0
T02639,S2639,Negotiation,no,no,80.0,3.0,80.0,80.0,Improvement,0.0
T02640,S2640,AI Fundamentals,Technical,Yes,80.0,3.0,80.0,80.0,no,0.0
T02641,S2641,Negotiation,no,Yes,80.0,3.0,92.0,80.0,No Improvement,-12.0
T02642,S2642,Communication Skills,Technical,Yes,80.0,6.0,80.0,80.0,Improvement,0.0
T02643,S2643,Communication Skills,Soft Skills,No,80.0,3.0,80.0,3.0,Improvement,-77.0
T02644,S2644,Negotiation,Soft Skills,Yes,5.0,3.0,80.0,93.0,no,13.0
T02645,S2645,Data Science,Soft Skills,No,80.0,2.0,16.0,80.0,Improvement,64.0
T02646,S2646,Python Programming,Technical,no,80.0,3.0,89.0,80.0,Improvement,-9.0
T02647,S2647,AI Fundamentals,Soft Skills,No,80.0,6.0,55.0,80.0,Improvement,25.0
T02648,S2648,Web Development,Soft Skills,Yes,80.0,6.0,97.0,66.0,No Improvement,-31.0
T02649,S2649,no,Technical,Yes,80.0,6.0,80.0,80.0,Improvement,0.0
T02650,S2650,Data Science,Technical,no,80.0,6.0,80.0,80.0,no,0.0
T02651,S2651,no,no,Yes,80.0,3.0,80.0,80.0,Improvement,0.0
T02652,S2652,AI Fundamentals,Soft Skills,no,80.0,3.0,31.0,80.0,no,49.0
T02653,S2653,Cybersecurity,Soft Skills,Yes,80.0,6.0,80.0,39.0,No Improvement,-41.0
T02654,S2654,Web Development,Technical,Yes,80.0,6.0,80.0,80.0,No Improvement,0.0
T02655,S2655,Negotiation,no,Yes,80.0,3.0,80.0,80.0,Improvement,0.0
T02656,S2656,Data Science,Soft Skills,Yes,80.0,2.0,80.0,80.0,Improvement,0.0
T02657,S2657,Cloud Computing,Soft Skills,No,27.0,3.0,80.0,80.0,no,0.0
T02658,S2658,IoT Basics,Technical,No,80.0,6.0,80.0,50.0,no,-30.0
T02659,S2659,AI Fundamentals,Technical,No,80.0,3.0,80.0,80.0,No Improvement,0.0
T02660,S2660,Leadership,Technical,Yes,80.0,3.0,80.0,74.0,Improvement,-6.0
T02661,S2661,AI Fundamentals,Technical,No,80.0,1.0,80.0,80.0,no,0.0
T02662,S2662,Leadership,Soft Skills,no,80.0,3.0,80.0,80.0,no,0.0
T02663,S2663,Communication Skills,no,Yes,19.0,3.0,80.0,80.0,No Improvement,0.0
T02664,S2664,Python Programming,no,no,80.0,3.0,80.0,80.0,no,0.0
T02665,S2665,AI Fundamentals,Technical,no,80.0,1.0,80.0,80.0,no,0.0
T02666,S2666,no,Soft Skills,Yes,80.0,3.0,80.0,0.0,No Improvement,-80.0
T02667,S2667,Cloud Computing,no,no,80.0,4.0,80.0,10.0,Improvement,-70.0
T02668,S2668,Communication Skills,no,No,80.0,6.0,80.0,80.0,no,0.0
T02669,S2669,no,Technical,Yes,80.0,3.0,80.0,80.0,no,0.0
T02670,S2670,AI Fundamentals,Technical,Yes,80.0,6.0,80.0,15.0,no,-65.0
T02671,S2671,Leadership,Soft Skills,Yes,81.0,6.0,80.0,80.0,No Improvement,0.0
T02672,S2672,Cloud Computing,Technical,no,80.0,4.0,64.0,80.0,no,16.0
T02673,S2673,Communication Skills,Technical,Yes,80.0,3.0,80.0,80.0,Improvement,0.0
T02674,S2674,no,Soft Skills,Yes,80.0,6.0,80.0,80.0,Improvement,0.0
T02675,S2675,Communication Skills,Technical,No,80.0,3.0,45.0,80.0,Improvement,35.0
T02676,S2676,Data Science,Soft Skills,no,4.0,3.0,80.0,80.0,no,0.0
T02677,S2677,AI Fundamentals,no,Yes,80.0,3.0,80.0,80.0,Improvement,0.0
T02678,S2678,Cloud Computing,Technical,No,80.0,3.0,80.0,7.0,Improvement,-73.0
T02679,S2679,Web Development,Soft Skills,No,80.0,6.0,80.0,80.0,Improvement,0.0
T02680,S2680,Python Programming,Technical,No,80.0,5.0,80.0,80.0,No Improvement,0.0
T02681,S2681,Web Development,Technical,No,11.0,3.0,0.0,80.0,no,80.0
T02682,S2682,Leadership,Soft Skills,No,34.0,3.0,80.0,80.0,no,0.0
T02683,S2683,Data Science,Technical,Yes,80.0,3.0,56.0,54.0,no,-2.0
T02684,S2684,Web Development,Technical,Yes,6.0,6.0,80.0,80.0,no,0.0
T02685,S2685,Web Development,Technical,Yes,22.0,6.0,80.0,80.0,Improvement,0.0
T02686,S2686,Negotiation,Soft Skills,no,80.0,6.0,80.0,59.0,No Improvement,-21.0
T02687,S2687,AI Fundamentals,Soft Skills,No,80.0,3.0,80.0,75.0,No Improvement,-5.0
T02688,S2688,no,Technical,Yes,80.0,6.0,80.0,75.0,no,-5.0
T02689,S2689,DevOps,Technical,No,80.0,3.0,80.0,80.0,no,0.0
T02690,S2690,Cloud Computing,Soft Skills,Yes,80.0,6.0,80.0,80.0,no,0.0
T02691,S2691,Python Programming,Soft Skills,Yes,80.0,6.0,80.0,29.0,No Improvement,-51.0
T02692,S2692,Cybersecurity,Soft Skills,no,16.0,3.0,80.0,80.0,no,0.0
T02693,S2693,Negotiation,Technical,No,80.0,3.0,5.0,80.0,Improvement,75.0
T02694,S2694,Web Development,Technical,No,80.0,3.0,80.0,43.0,no,-37.0
T02695,S2695,AI Fundamentals,Soft Skills,Yes,80.0,6.0,80.0,80.0,No Improvement,0.0
T02696,S2696,Web Development,no,Yes,80.0,5.0,80.0,62.0,no,-18.0
T02697,S2697,Cloud Computing,no,No,80.0,2.0,80.0,80.0,Improvement,0.0
T02698,S2698,Python Programming,Technical,Yes,80.0,3.0,58.0,80.0,no,22.0
T02699,S2699,Python Programming,Technical,Yes,90.0,3.0,80.0,80.0,no,0.0
T02700,S2700,IoT Basics,Soft Skills,Yes,94.0,5.0,40.0,80.0,no,40.0
T02701,S2701,Web Development,Technical,No,80.0,3.0,80.0,80.0,No Improvement,0.0
T02702,S2702,Python Programming,Soft Skills,Yes,91.0,3.0,80.0,18.0,no,-62.0
T02703,S2703,Communication Skills,Technical,No,80.0,2.0,47.0,60.0,Improvement,13.0
T02704,S2704,IoT Basics,Technical,Yes,80.0,1.0,80.0,1.0,no,-79.0
T02705,S2705,Cybersecurity,Soft Skills,No,80.0,3.0,80.0,99.0,Improvement,19.0
T02706,S2706,Negotiation,Technical,no,92.0,3.0,80.0,80.0,No Improvement,0.0
T02707,S2707,Negotiation,Soft Skills,Yes,61.0,3.0,80.0,80.0,No Improvement,0.0
T02708,S2708,IoT Basics,Soft Skills,Yes,80.0,6.0,80.0,47.0,Improvement,-33.0
T02709,S2709,DevOps,Soft Skills,Yes,36.0,3.0,80.0,80.0,no,0.0
T02710,S2710,no,Technical,No,80.0,3.0,79.0,55.0,no,-24.0
T02711,S2711,IoT Basics,Soft Skills,no,80.0,2.0,35.0,80.0,Improvement,45.0
T02712,S2712,Cybersecurity,Technical,No,31.0,6.0,80.0,80.0,No Improvement,0.0
T02713,S2713,Data Science,Soft Skills,Yes,80.0,6.0,80.0,80.0,Improvement,0.0
T02714,S2714,AI Fundamentals,Soft Skills,no,80.0,3.0,80.0,10.0,Improvement,-70.0
T02715,S2715,Data Science,no,No,30.0,1.0,80.0,80.0,no,0.0
T02716,S2716,Python Programming,Technical,Yes,80.0,3.0,80.0,80.0,Improvement,0.0
T02717,S2717,Blockchain,Technical,no,80.0,3.0,80.0,80.0,no,0.0
T02718,S2718,Negotiation,Soft Skills,No,80.0,3.0,80.0,80.0,Improvement,0.0
T02719,S2719,Web Development,Technical,Yes,80.0,3.0,80.0,80.0,Improvement,0.0
T02720,S2720,Negotiation,no,Yes,80.0,3.0,41.0,80.0,No Improvement,39.0
T02721,S2721,IoT Basics,Soft Skills,No,80.0,3.0,80.0,23.0,No Improvement,-57.0
T02722,S2722,Communication Skills,Technical,no,66.0,4.0,80.0,80.0,No Improvement,0.0
T02723,S2723,Leadership,Soft Skills,Yes,80.0,3.0,8.0,80.0,Improvement,72.0
T02724,S2724,Negotiation,Soft Skills,No,13.0,3.0,12.0,80.0,Improvement,68.0
T02725,S2725,no,Technical,No,80.0,3.0,80.0,80.0,Improvement,0.0
T02726,S2726,Negotiation,Soft Skills,No,80.0,6.0,80.0,80.0,Improvement,0.0
T02727,S2727,Leadership,Soft Skills,No,2.0,6.0,3.0,80.0,no,77.0
T02728,S2728,Cloud Computing,no,No,80.0,6.0,80.0,55.0,Improvement,-25.0
T02729,S2729,AI Fundamentals,Soft Skills,no,80.0,3.0,80.0,80.0,Improvement,0.0
T02730,S2730,Blockchain,Soft Skills,Yes,80.0,2.0,80.0,80.0,No Improvement,0.0
T02731,S2731,DevOps,Technical,no,80.0,3.0,80.0,80.0,no,0.0
T02732,S2732,Cloud Computing,Technical,No,39.0,5.0,80.0,44.0,Improvement,-36.0
T02733,S2733,Python Programming,no,No,80.0,3.0,80.0,64.0,Improvement,-16.0
T02734,S2734,Cloud Computing,Soft Skills,Yes,80.0,5.0,80.0,80.0,no,0.0
T02735,S2735,IoT Basics,Technical,Yes,80.0,3.0,80.0,15.0,no,-65.0
T02736,S2736,IoT Basics,no,Yes,80.0,3.0,80.0,80.0,no,0.0
T02737,S2737,Cloud Computing,no,Yes,80.0,3.0,80.0,41.0,Improvement,-39.0
T02738,S2738,Web Development,no,No,91.0,3.0,0.0,80.0,Improvement,80.0
T02739,S2739,no,Technical,Yes,80.0,5.0,64.0,80.0,no,16.0
T02740,S2740,Cloud Computing,Soft Skills,Yes,80.0,3.0,64.0,100.0,no,36.0
T02741,S2741,Communication Skills,Technical,No,80.0,3.0,89.0,80.0,No Improvement,-9.0
T02742,S2742,no,no,No,80.0,3.0,93.0,80.0,no,-13.0
T02743,S2743,Cloud Computing,Technical,Yes,80.0,6.0,80.0,80.0,Improvement,0.0
T02744,S2744,Communication Skills,Technical,No,80.0,6.0,80.0,85.0,Improvement,5.0
T02745,S2745,IoT Basics,Technical,Yes,80.0,3.0,80.0,80.0,Improvement,0.0
T02746,S2746,Python Programming,Technical,no,80.0,3.0,80.0,24.0,no,-56.0
T02747,S2747,Cloud Computing,Technical,Yes,80.0,5.0,80.0,80.0,no,0.0
T02748,S2748,Python Programming,Soft Skills,Yes,68.0,3.0,80.0,96.0,no,16.0
T02749,S2749,Web Development,Soft Skills,No,80.0,4.0,38.0,80.0,no,42.0
T02750,S2750,DevOps,no,Yes,80.0,4.0,38.0,80.0,No Improvement,42.0
T02751,S2751,DevOps,no,No,80.0,2.0,80.0,80.0,no,0.0
T02752,S2752,AI Fundamentals,Soft Skills,no,12.0,3.0,80.0,80.0,Improvement,0.0
T02753,S2753,Cybersecurity,no,Yes,17.0,3.0,80.0,80.0,No Improvement,0.0
T02754,S2754,Communication Skills,Technical,Yes,80.0,6.0,80.0,80.0,no,0.0
T02755,S2755,no,Technical,No,80.0,3.0,80.0,93.0,no,13.0
T02756,S2756,IoT Basics,no,Yes,80.0,6.0,80.0,80.0,Improvement,0.0
T02757,S2757,Python Programming,Soft Skills,No,80.0,3.0,80.0,80.0,No Improvement,0.0
T02758,S2758,Communication Skills,Soft Skills,No,80.0,3.0,80.0,80.0,No Improvement,0.0
T02759,S2759,Communication Skills,Technical,Yes,32.0,3.0,80.0,80.0,no,0.0
T02760,S2760,Python Programming,Technical,Yes,80.0,4.0,80.0,80.0,Improvement,0.0
T02761,S2761,Cloud Computing,Technical,No,34.0,3.0,80.0,80.0,no,0.0
T02762,S2762,Web Development,no,Yes,80.0,3.0,80.0,80.0,no,0.0
T02763,S2763,no,Soft Skills,No,80.0,6.0,80.0,80.0,no,0.0
T02764,S2764,Cloud Computing,no,No,80.0,6.0,96.0,26.0,Improvement,-70.0
T02765,S2765,Python Programming,Technical,Yes,80.0,3.0,48.0,80.0,no,32.0
T02766,S2766,Negotiation,Technical,Yes,80.0,6.0,80.0,80.0,no,0.0
T02767,S2767,Negotiation,Technical,No,80.0,6.0,5.0,80.0,no,75.0
T02768,S2768,Leadership,Technical,Yes,80.0,6.0,24.0,80.0,Improvement,56.0
T02769,S2769,Cybersecurity,Soft Skills,no,80.0,3.0,80.0,80.0,no,0.0
T02770,S2770,AI Fundamentals,Soft Skills,No,80.0,3.0,13.0,80.0,no,67.0
T02771,S2771,IoT Basics,Soft Skills,Yes,80.0,2.0,80.0,80.0,Improvement,0.0
T02772,S2772,Web Development,Technical,no,80.0,3.0,42.0,80.0,no,38.0
T02773,S2773,AI Fundamentals,Technical,No,80.0,3.0,80.0,80.0,no,0.0
T02774,S2774,AI Fundamentals,Soft Skills,Yes,80.0,3.0,80.0,80.0,no,0.0
T02775,S2775,Web Development,Technical,no,11.0,3.0,80.0,16.0,Improvement,-64.0
T02776,S2776,IoT Basics,Technical,No,80.0,4.0,80.0,80.0,No Improvement,0.0
T02777,S2777,Web Development,no,No,80.0,4.0,80.0,80.0,No Improvement,0.0
T02778,S2778,Blockchain,Soft Skills,Yes,80.0,3.0,80.0,67.0,no,-13.0
T02779,S2779,Python Programming,Soft Skills,No,80.0,3.0,80.0,80.0,no,0.0
T02780,S2780,Cloud Computing,Soft Skills,No,80.0,3.0,80.0,80.0,no,0.0
T02781,S2781,AI Fundamentals,no,Yes,80.0,4.0,80.0,80.0,no,0.0
T02782,S2782,Python Programming,no,No,80.0,3.0,80.0,80.0,Improvement,0.0
T02783,S2783,Web Development,no,Yes,75.0,6.0,80.0,80.0,Improvement,0.0
T02784,S2784,DevOps,Soft Skills,Yes,80.0,3.0,64.0,80.0,Improvement,16.0
T02785,S2785,Cloud Computing,Soft Skills,Yes,20.0,6.0,80.0,7.0,No Improvement,-73.0
T02786,S2786,Cloud Computing,Technical,No,80.0,3.0,80.0,80.0,Improvement,0.0
T02787,S2787,Leadership,no,No,42.0,3.0,56.0,80.0,Improvement,24.0
T02788,S2788,Cybersecurity,Soft Skills,Yes,80.0,4.0,80.0,80.0,Improvement,0.0
T02789,S2789,Cybersecurity,no,Yes,80.0,3.0,80.0,80.0,Improvement,0.0
T02790,S2790,Cloud Computing,Soft Skills,Yes,80.0,6.0,80.0,80.0,Improvement,0.0
T02791,S2791,Negotiation,no,No,80.0,2.0,80.0,80.0,no,0.0
T02792,S2792,Cloud Computing,Technical,no,80.0,3.0,80.0,80.0,No Improvement,0.0
T02793,S2793,Web Development,Soft Skills,Yes,80.0,6.0,80.0,80.0,Improvement,0.0
T02794,S2794,AI Fundamentals,no,Yes,80.0,3.0,80.0,80.0,Improvement,0.0
T02795,S2795,Blockchain,Technical,No,80.0,5.0,80.0,80.0,no,0.0
T02796,S2796,Negotiation,Soft Skills,no,80.0,6.0,80.0,53.0,Improvement,-27.0
T02797,S2797,Communication Skills,Soft Skills,no,80.0,3.0,80.0,80.0,no,0.0
T02798,S2798,Web Development,no,No,25.0,6.0,80.0,80.0,no,0.0
T02799,S2799,Cybersecurity,Soft Skills,No,80.0,6.0,80.0,80.0,Improvement,0.0
T02800,S2800,Web Development,Technical,Yes,80.0,5.0,80.0,5.0,no,-75.0
T02801,S2801,AI Fundamentals,Soft Skills,Yes,65.0,3.0,80.0,80.0,Improvement,0.0
T02802,S2802,AI Fundamentals,Technical,no,80.0,6.0,80.0,80.0,no,0.0
T02803,S2803,Python Programming,Technical,Yes,80.0,6.0,5.0,80.0,no,75.0
T02804,S2804,Leadership,Soft Skills,Yes,80.0,3.0,80.0,80.0,no,0.0
T02805,S2805,Negotiation,Technical,no,80.0,3.0,27.0,80.0,no,53.0
T02806,S2806,Cybersecurity,Technical,Yes,80.0,3.0,80.0,80.0,Improvement,0.0
T02807,S2807,no,Soft Skills,Yes,80.0,4.0,80.0,80.0,no,0.0
T02808,S2808,Leadership,Soft Skills,Yes,80.0,3.0,80.0,10.0,Improvement,-70.0
T02809,S2809,Negotiation,no,no,80.0,2.0,34.0,80.0,no,46.0
T02810,S2810,Python Programming,Soft Skills,no,80.0,3.0,80.0,80.0,no,0.0
T02811,S2811,AI Fundamentals,Technical,Yes,79.0,3.0,0.0,54.0,no,54.0
T02812,S2812,AI Fundamentals,Technical,Yes,80.0,3.0,24.0,80.0,no,56.0
T02813,S2813,Cloud Computing,Soft Skills,Yes,80.0,6.0,80.0,80.0,no,0.0
T02814,S2814,Python Programming,Soft Skills,no,80.0,3.0,80.0,80.0,No Improvement,0.0
T02815,S2815,DevOps,Soft Skills,no,80.0,3.0,80.0,80.0,No Improvement,0.0
T02816,S2816,Cybersecurity,Soft Skills,Yes,4.0,6.0,90.0,80.0,No Improvement,-10.0
T02817,S2817,Data Science,Soft Skills,No,80.0,3.0,90.0,80.0,No Improvement,-10.0
T02818,S2818,Cybersecurity,Soft Skills,no,80.0,6.0,80.0,80.0,Improvement,0.0
T02819,S2819,AI Fundamentals,no,Yes,74.0,3.0,80.0,7.0,Improvement,-73.0
T02820,S2820,IoT Basics,Soft Skills,No,80.0,5.0,80.0,80.0,No Improvement,0.0
T02821,S2821,Data Science,Soft Skills,no,80.0,3.0,80.0,56.0,no,-24.0
T02822,S2822,Negotiation,Technical,No,80.0,3.0,55.0,80.0,Improvement,25.0
T02823,S2823,Blockchain,Soft Skills,No,80.0,3.0,80.0,80.0,No Improvement,0.0
T02824,S2824,Python Programming,Soft Skills,No,80.0,3.0,80.0,80.0,no,0.0
T02825,S2825,Leadership,no,Yes,80.0,3.0,80.0,80.0,No Improvement,0.0
T02826,S2826,Negotiation,no,No,21.0,4.0,58.0,76.0,Improvement,18.0
T02827,S2827,Blockchain,Soft Skills,no,73.0,3.0,80.0,80.0,No Improvement,0.0
T02828,S2828,Python Programming,Soft Skills,No,80.0,3.0,80.0,80.0,no,0.0
T02829,S2829,DevOps,Technical,No,80.0,3.0,80.0,80.0,No Improvement,0.0
T02830,S2830,Web Development,Soft Skills,No,86.0,4.0,80.0,80.0,No Improvement,0.0
T02831,S2831,AI Fundamentals,Technical,No,80.0,3.0,80.0,80.0,no,0.0
T02832,S2832,Negotiation,no,Yes,80.0,5.0,57.0,80.0,no,23.0
T02833,S2833,Data Science,no,Yes,80.0,6.0,80.0,80.0,no,0.0
T02834,S2834,IoT Basics,no,No,80.0,3.0,80.0,16.0,no,-64.0
T02835,S2835,Leadership,Technical,No,80.0,2.0,28.0,80.0,no,52.0
T02836,S2836,Cloud Computing,Soft Skills,No,80.0,4.0,80.0,80.0,no,0.0
T02837,S2837,Communication Skills,Technical,Yes,31.0,6.0,31.0,80.0,no,49.0
T02838,S2838,Cybersecurity,Soft Skills,Yes,28.0,5.0,80.0,80.0,Improvement,0.0
T02839,S2839,Cybersecurity,no,Yes,80.0,5.0,50.0,80.0,Improvement,30.0
T02840,S2840,Web Development,Soft Skills,Yes,80.0,6.0,80.0,80.0,Improvement,0.0
T02841,S2841,Data Science,Technical,Yes,80.0,4.0,35.0,80.0,No Improvement,45.0
T02842,S2842,Data Science,Soft Skills,Yes,80.0,3.0,18.0,80.0,no,62.0
T02843,S2843,Data Science,Technical,No,80.0,3.0,80.0,80.0,no,0.0
T02844,S2844,Web Development,Soft Skills,no,99.0,3.0,80.0,80.0,Improvement,0.0
T02845,S2845,IoT Basics,Soft Skills,No,80.0,3.0,93.0,37.0,no,-56.0
T02846,S2846,Leadership,Soft Skills,Yes,80.0,3.0,80.0,80.0,no,0.0
T02847,S2847,Data Science,Technical,No,80.0,3.0,80.0,80.0,no,0.0
T02848,S2848,DevOps,no,no,80.0,3.0,76.0,46.0,Improvement,-30.0
T02849,S2849,Cloud Computing,Technical,no,80.0,3.0,80.0,80.0,no,0.0
T02850,S2850,Cloud Computing,no,Yes,80.0,6.0,80.0,85.0,no,5.0
T02851,S2851,Leadership,Soft Skills,no,80.0,3.0,80.0,80.0,No Improvement,0.0
T02852,S2852,Cybersecurity,Technical,Yes,80.0,4.0,80.0,80.0,Improvement,0.0
T02853,S2853,DevOps,Soft Skills,Yes,80.0,6.0,99.0,11.0,Improvement,-88.0
T02854,S2854,AI Fundamentals,Soft Skills,No,96.0,3.0,80.0,61.0,Improvement,-19.0
T02855,S2855,Python Programming,no,Yes,48.0,6.0,80.0,80.0,No Improvement,0.0
T02856,S2856,Negotiation,Soft Skills,no,80.0,6.0,13.0,80.0,Improvement,67.0
T02857,S2857,AI Fundamentals,Technical,Yes,33.0,4.0,80.0,80.0,no,0.0
T02858,S2858,AI Fundamentals,Soft Skills,Yes,80.0,3.0,80.0,80.0,Improvement,0.0
T02859,S2859,Cloud Computing,Soft Skills,Yes,80.0,3.0,80.0,16.0,no,-64.0
T02860,S2860,Communication Skills,Technical,no,1.0,3.0,80.0,79.0,No Improvement,-1.0
T02861,S2861,Cloud Computing,no,no,80.0,3.0,80.0,80.0,Improvement,0.0
T02862,S2862,no,Technical,No,91.0,3.0,80.0,80.0,Improvement,0.0
T02863,S2863,AI Fundamentals,Soft Skills,Yes,90.0,3.0,70.0,80.0,no,10.0
T02864,S2864,Cloud Computing,Technical,Yes,80.0,3.0,80.0,80.0,no,0.0
T02865,S2865,Leadership,no,Yes,63.0,3.0,80.0,51.0,no,-29.0
T02866,S2866,Communication Skills,Technical,No,80.0,3.0,80.0,80.0,Improvement,0.0
T02867,S2867,IoT Basics,Soft Skills,Yes,80.0,3.0,80.0,80.0,No Improvement,0.0
T02868,S2868,Web Development,Soft Skills,No,80.0,6.0,80.0,80.0,Improvement,0.0
T02869,S2869,Negotiation,Soft Skills,Yes,80.0,4.0,62.0,80.0,no,18.0
T02870,S2870,Python Programming,no,Yes,89.0,3.0,97.0,32.0,no,-65.0
T02871,S2871,Cloud Computing,Technical,No,6.0,1.0,80.0,80.0,No Improvement,0.0
T02872,S2872,Python Programming,Soft Skills,Yes,99.0,3.0,15.0,80.0,No Improvement,65.0
T02873,S2873,Negotiation,Soft Skills,No,80.0,3.0,80.0,80.0,no,0.0
T02874,S2874,Cloud Computing,Technical,No,18.0,3.0,18.0,80.0,no,62.0
T02875,S2875,Python Programming,Technical,Yes,80.0,3.0,80.0,80.0,no,0.0
T02876,S2876,Communication Skills,Technical,no,72.0,1.0,80.0,68.0,Improvement,-12.0
T02877,S2877,Leadership,Technical,No,80.0,4.0,80.0,80.0,no,0.0
T02878,S2878,IoT Basics,Soft Skills,no,80.0,3.0,57.0,80.0,no,23.0
T02879,S2879,IoT Basics,Technical,Yes,80.0,6.0,80.0,60.0,no,-20.0
T02880,S2880,AI Fundamentals,no,Yes,87.0,3.0,80.0,80.0,Improvement,0.0
T02881,S2881,Web Development,Technical,No,80.0,3.0,80.0,80.0,no,0.0
T02882,S2882,Cybersecurity,Technical,Yes,80.0,6.0,80.0,80.0,No Improvement,0.0
T02883,S2883,AI Fundamentals,Soft Skills,no,80.0,3.0,80.0,80.0,No Improvement,0.0
T02884,S2884,Data Science,Technical,no,92.0,3.0,47.0,80.0,no,33.0
T02885,S2885,Cloud Computing,Technical,Yes,80.0,1.0,80.0,80.0,Improvement,0.0
T02886,S2886,IoT Basics,Soft Skills,No,80.0,3.0,80.0,80.0,Improvement,0.0
T02887,S2887,AI Fundamentals,no,Yes,80.0,3.0,80.0,80.0,no,0.0
T02888,S2888,Python Programming,Technical,Yes,80.0,2.0,80.0,59.0,Improvement,-21.0
T02889,S2889,IoT Basics,Soft Skills,Yes,80.0,3.0,80.0,80.0,no,0.0
T02890,S2890,Leadership,Soft Skills,No,80.0,2.0,80.0,80.0,Improvement,0.0
T02891,S2891,AI Fundamentals,Technical,Yes,2.0,3.0,80.0,80.0,Improvement,0.0
T02892,S2892,Cybersecurity,Technical,no,90.0,3.0,80.0,80.0,no,0.0
T02893,S2893,Communication Skills,no,No,80.0,1.0,80.0,12.0,no,-68.0
T02894,S2894,Communication Skills,Technical,Yes,24.0,6.0,80.0,80.0,No Improvement,0.0
T02895,S2895,Web Development,Soft Skills,Yes,77.0,3.0,80.0,80.0,No Improvement,0.0
T02896,S2896,DevOps,Soft Skills,No,83.0,3.0,80.0,80.0,Improvement,0.0
T02897,S2897,Web Development,no,No,80.0,3.0,93.0,24.0,No Improvement,-69.0
T02898,S2898,Leadership,Soft Skills,Yes,80.0,3.0,80.0,80.0,Improvement,0.0
T02899,S2899,AI Fundamentals,Soft Skills,No,80.0,3.0,80.0,80.0,No Improvement,0.0
T02900,S2900,Cybersecurity,Technical,Yes,80.0,3.0,80.0,80.0,no,0.0
T02901,S2901,Communication Skills,Soft Skills,Yes,80.0,3.0,80.0,80.0,no,0.0
T02902,S2902,Communication Skills,Soft Skills,Yes,80.0,2.0,80.0,80.0,Improvement,0.0
T02903,S2903,Blockchain,no,No,80.0,3.0,1.0,80.0,no,79.0
T02904,S2904,Leadership,Technical,No,80.0,1.0,80.0,80.0,no,0.0
T02905,S2905,Python Programming,Soft Skills,Yes,80.0,5.0,80.0,80.0,no,0.0
T02906,S2906,Communication Skills,Soft Skills,no,4.0,3.0,80.0,83.0,No Improvement,3.0
T02907,S2907,DevOps,Soft Skills,No,80.0,4.0,80.0,80.0,Improvement,0.0
T02908,S2908,Python Programming,Technical,Yes,80.0,3.0,80.0,10.0,no,-70.0
T02909,S2909,Negotiation,no,No,80.0,6.0,80.0,80.0,Improvement,0.0
T02910,S2910,Cloud Computing,Soft Skills,No,80.0,6.0,80.0,80.0,No Improvement,0.0
T02911,S2911,Python Programming,Soft Skills,No,80.0,3.0,80.0,54.0,Improvement,-26.0
T02912,S2912,IoT Basics,Soft Skills,Yes,80.0,1.0,80.0,1.0,Improvement,-79.0
T02913,S2913,Web Development,Soft Skills,No,80.0,3.0,80.0,80.0,No Improvement,0.0
T02914,S2914,Leadership,Technical,Yes,98.0,3.0,80.0,80.0,no,0.0
T02915,S2915,Cybersecurity,Technical,Yes,80.0,3.0,80.0,32.0,Improvement,-48.0
T02916,S2916,Web Development,Technical,Yes,80.0,3.0,80.0,80.0,Improvement,0.0
T02917,S2917,Cloud Computing,Technical,No,52.0,3.0,80.0,80.0,Improvement,0.0
T02918,S2918,Cloud Computing,Technical,Yes,80.0,6.0,56.0,80.0,No Improvement,24.0
T02919,S2919,Negotiation,Soft Skills,no,80.0,3.0,80.0,80.0,no,0.0
T02920,S2920,Leadership,no,no,80.0,3.0,80.0,75.0,no,-5.0
T02921,S2921,IoT Basics,Technical,No,92.0,6.0,80.0,56.0,no,-24.0
T02922,S2922,Cybersecurity,Technical,Yes,80.0,3.0,80.0,80.0,Improvement,0.0
T02923,S2923,Data Science,Soft Skills,no,80.0,6.0,80.0,80.0,no,0.0
T02924,S2924,Cloud Computing,no,No,80.0,3.0,80.0,80.0,no,0.0
T02925,S2925,Leadership,Soft Skills,no,26.0,3.0,80.0,80.0,Improvement,0.0
T02926,S2926,IoT Basics,no,Yes,80.0,6.0,80.0,80.0,Improvement,0.0
T02927,S2927,Web Development,Soft Skills,Yes,80.0,4.0,80.0,80.0,Improvement,0.0
T02928,S2928,Cybersecurity,no,No,80.0,4.0,80.0,80.0,Improvement,0.0
T02929,S2929,Cloud Computing,Soft Skills,No,34.0,6.0,100.0,80.0,Improvement,-20.0
T02930,S2930,Blockchain,Soft Skills,Yes,80.0,1.0,80.0,80.0,Improvement,0.0
T02931,S2931,Python Programming,Technical,Yes,80.0,3.0,80.0,80.0,No Improvement,0.0
T02932,S2932,Web Development,Soft Skills,No,80.0,6.0,43.0,80.0,Improvement,37.0
T02933,S2933,Negotiation,Soft Skills,no,80.0,3.0,80.0,80.0,Improvement,0.0
T02934,S2934,DevOps,no,No,80.0,1.0,80.0,80.0,Improvement,0.0
T02935,S2935,Negotiation,Soft Skills,Yes,80.0,6.0,80.0,80.0,Improvement,0.0
T02936,S2936,Cloud Computing,Technical,Yes,80.0,3.0,80.0,80.0,No Improvement,0.0
T02937,S2937,Python Programming,Technical,no,80.0,3.0,80.0,80.0,Improvement,0.0
T02938,S2938,Python Programming,no,Yes,80.0,3.0,5.0,80.0,No Improvement,75.0
T02939,S2939,Python Programming,Soft Skills,No,80.0,3.0,80.0,80.0,Improvement,0.0
T02940,S2940,DevOps,Technical,Yes,80.0,6.0,48.0,80.0,No Improvement,32.0
T02941,S2941,Web Development,no,No,80.0,3.0,80.0,80.0,Improvement,0.0
T02942,S2942,Web Development,Soft Skills,no,80.0,6.0,80.0,80.0,no,0.0
T02943,S2943,DevOps,Soft Skills,Yes,80.0,2.0,80.0,48.0,Improvement,-32.0
T02944,S2944,IoT Basics,Technical,Yes,41.0,6.0,80.0,80.0,no,0.0
T02945,S2945,Leadership,Technical,No,80.0,3.0,80.0,80.0,no,0.0
T02946,S2946,Cybersecurity,no,Yes,80.0,1.0,80.0,80.0,Improvement,0.0
T02947,S2947,Leadership,Soft Skills,no,80.0,3.0,80.0,80.0,Improvement,0.0
T02948,S2948,Web Development,Technical,Yes,80.0,6.0,80.0,80.0,Improvement,0.0
T02949,S2949,Communication Skills,Technical,No,80.0,3.0,80.0,80.0,Improvement,0.0
T02950,S2950,Communication Skills,no,Yes,80.0,3.0,9.0,97.0,no,88.0
T02951,S2951,Blockchain,Technical,Yes,80.0,3.0,80.0,80.0,no,0.0
T02952,S2952,no,Technical,Yes,80.0,6.0,80.0,62.0,Improvement,-18.0
T02953,S2953,Negotiation,Technical,No,16.0,6.0,80.0,80.0,No Improvement,0.0
T02954,S2954,Leadership,Soft Skills,No,80.0,3.0,57.0,80.0,no,23.0
T02955,S2955,Communication Skills,Soft Skills,Yes,80.0,3.0,10.0,80.0,no,70.0
T02956,S2956,Data Science,Technical,Yes,80.0,5.0,80.0,80.0,no,0.0
T02957,S2957,IoT Basics,Technical,Yes,80.0,3.0,80.0,80.0,Improvement,0.0
T02958,S2958,Web Development,Soft Skills,no,20.0,6.0,11.0,80.0,no,69.0
T02959,S2959,DevOps,Soft Skills,No,80.0,4.0,80.0,7.0,Improvement,-73.0
T02960,S2960,AI Fundamentals,Technical,No,80.0,4.0,80.0,95.0,no,15.0
T02961,S2961,Leadership,Technical,No,80.0,6.0,64.0,80.0,no,16.0
T02962,S2962,Cybersecurity,no,Yes,6.0,3.0,80.0,37.0,Improvement,-43.0
T02963,S2963,Blockchain,Soft Skills,Yes,80.0,6.0,80.0,80.0,no,0.0
T02964,S2964,Negotiation,Technical,Yes,39.0,6.0,80.0,80.0,Improvement,0.0
T02965,S2965,IoT Basics,Technical,Yes,80.0,3.0,80.0,80.0,Improvement,0.0
T02966,S2966,Negotiation,Technical,Yes,80.0,3.0,53.0,4.0,No Improvement,-49.0
T02967,S2967,Blockchain,Technical,Yes,80.0,6.0,80.0,80.0,Improvement,0.0
T02968,S2968,Python Programming,Soft Skills,no,60.0,2.0,80.0,80.0,Improvement,0.0
T02969,S2969,IoT Basics,Soft Skills,Yes,80.0,3.0,80.0,80.0,no,0.0
T02970,S2970,Communication Skills,Soft Skills,No,80.0,3.0,80.0,80.0,Improvement,0.0
T02971,S2971,Communication Skills,Soft Skills,Yes,49.0,6.0,38.0,80.0,no,42.0
T02972,S2972,Blockchain,Soft Skills,Yes,80.0,6.0,67.0,80.0,No Improvement,13.0
T02973,S2973,Data Science,Technical,No,19.0,6.0,80.0,80.0,no,0.0
T02974,S2974,IoT Basics,Technical,Yes,80.0,3.0,58.0,80.0,no,22.0
T02975,S2975,AI Fundamentals,no,No,80.0,3.0,3.0,80.0,Improvement,77.0
T02976,S2976,Communication Skills,no,No,80.0,3.0,80.0,80.0,Improvement,0.0
T02977,S2977,Cloud Computing,Soft Skills,no,80.0,3.0,80.0,80.0,Improvement,0.0
T02978,S2978,Negotiation,Technical,no,80.0,6.0,80.0,80.0,Improvement,0.0
T02979,S2979,Blockchain,no,Yes,95.0,4.0,80.0,80.0,Improvement,0.0
T02980,S2980,Blockchain,no,No,80.0,6.0,80.0,80.0,no,0.0
T02981,S2981,Cybersecurity,Soft Skills,no,80.0,3.0,80.0,80.0,Improvement,0.0
T02982,S2982,Data Science,Soft Skills,No,80.0,6.0,80.0,13.0,Improvement,-67.0
T02983,S2983,AI Fundamentals,Soft Skills,Yes,80.0,6.0,80.0,21.0,no,-59.0
T02984,S2984,Cybersecurity,no,Yes,49.0,3.0,80.0,49.0,no,-31.0
T02985,S2985,Negotiation,Soft Skills,Yes,80.0,6.0,28.0,40.0,No Improvement,12.0
T02986,S2986,Web Development,Soft Skills,Yes,80.0,3.0,80.0,80.0,No Improvement,0.0
T02987,S2987,Blockchain,Technical,Yes,80.0,3.0,80.0,80.0,No Improvement,0.0
T02988,S2988,Web Development,Soft Skills,No,80.0,3.0,80.0,80.0,Improvement,0.0
T02989,S2989,no,Soft Skills,No,27.0,6.0,80.0,80.0,Improvement,0.0
T02990,S2990,Data Science,no,No,80.0,3.0,31.0,80.0,Improvement,49.0
T02991,S2991,IoT Basics,Technical,no,80.0,3.0,80.0,80.0,Improvement,0.0
T02992,S2992,Python Programming,no,Yes,80.0,3.0,80.0,80.0,no,0.0
T02993,S2993,Cybersecurity,Technical,No,91.0,3.0,80.0,80.0,No Improvement,0.0
T02994,S2994,Leadership,no,no,80.0,1.0,1.0,42.0,Improvement,41.0
T02995,S2995,Cybersecurity,Soft Skills,no,80.0,3.0,80.0,80.0,Improvement,0.0
T02996,S2996,DevOps,Soft Skills,Yes,32.0,3.0,80.0,80.0,no,0.0
T02997,S2997,Python Programming,Soft Skills,No,80.0,3.0,80.0,80.0,No Improvement,0.0
T02998,S2998,Negotiation,Technical,Yes,80.0,4.0,80.0,18.0,no,-62.0
T02999,S2999,Leadership,Technical,Yes,96.0,4.0,80.0,32.0,no,-48.0
T03000,S3000,Blockchain,Technical,No,80.0,3.0,36.0,80.0,no,44.0
T03001,S3001,AI Fundamentals,Technical,No,58.0,5.0,80.0,80.0,no,0.0
T03002,S3002,Cybersecurity,Technical,Yes,80.0,3.0,80.0,80.0,Improvement,0.0
T03003,S3003,Communication Skills,Soft Skills,Yes,80.0,6.0,80.0,80.0,Improvement,0.0
T03004,S3004,Communication Skills,Soft Skills,Yes,80.0,3.0,80.0,80.0,Improvement,0.0
T03005,S3005,Cybersecurity,no,Yes,80.0,3.0,80.0,80.0,Improvement,0.0
T03006,S3006,Negotiation,Soft Skills,Yes,80.0,6.0,80.0,80.0,no,0.0
T03007,S3007,IoT Basics,Technical,Yes,45.0,4.0,80.0,80.0,Improvement,0.0
T03008,S3008,Data Science,Soft Skills,Yes,53.0,6.0,80.0,80.0,Improvement,0.0
T03009,S3009,Leadership,Soft Skills,No,80.0,6.0,96.0,36.0,Improvement,-60.0
T03010,S3010,Leadership,Soft Skills,Yes,80.0,3.0,80.0,12.0,Improvement,-68.0
T03011,S3011,Communication Skills,no,Yes,80.0,3.0,80.0,46.0,Improvement,-34.0
T03012,S3012,IoT Basics,Technical,Yes,80.0,3.0,80.0,35.0,no,-45.0
T03013,S3013,Leadership,Technical,Yes,11.0,4.0,80.0,80.0,Improvement,0.0
T03014,S3014,Web Development,Soft Skills,No,80.0,3.0,80.0,80.0,No Improvement,0.0
T03015,S3015,Cloud Computing,Soft Skills,No,80.0,3.0,94.0,80.0,Improvement,-14.0
T03016,S3016,Negotiation,Soft Skills,No,80.0,3.0,80.0,80.0,no,0.0
T03017,S3017,Web Development,no,Yes,80.0,6.0,80.0,80.0,Improvement,0.0
T03018,S3018,Leadership,Technical,Yes,80.0,3.0,80.0,80.0,No Improvement,0.0
T03019,S3019,IoT Basics,Soft Skills,No,23.0,4.0,80.0,90.0,No Improvement,10.0
T03020,S3020,no,Soft Skills,Yes,80.0,3.0,82.0,12.0,no,-70.0
T03021,S3021,AI Fundamentals,Soft Skills,No,80.0,3.0,80.0,47.0,no,-33.0
T03022,S3022,Communication Skills,Technical,Yes,61.0,6.0,80.0,80.0,no,0.0
T03023,S3023,Leadership,no,no,80.0,6.0,80.0,80.0,Improvement,0.0
T03024,S3024,AI Fundamentals,no,No,80.0,3.0,80.0,80.0,Improvement,0.0
T03025,S3025,no,Soft Skills,no,72.0,3.0,51.0,55.0,no,4.0
T03026,S3026,Cybersecurity,Soft Skills,Yes,80.0,3.0,80.0,80.0,no,0.0
T03027,S3027,IoT Basics,no,Yes,80.0,3.0,17.0,30.0,no,13.0
T03028,S3028,Communication Skills,Technical,No,79.0,3.0,80.0,69.0,Improvement,-11.0
T03029,S3029,Data Science,Soft Skills,Yes,80.0,3.0,80.0,80.0,no,0.0
T03030,S3030,Cloud Computing,Technical,No,14.0,5.0,80.0,80.0,no,0.0
